var,year,county,value
prod_age_avg,2017,BALLARD,56.9
prod_age_avg,2017,CALLOWAY,57.1
prod_age_avg,2017,CARLISLE,56.4
prod_age_avg,2017,FULTON,57.2
prod_age_avg,2017,GRAVES,57.5
prod_age_avg,2017,HICKMAN,57.4
prod_age_avg,2017,LIVINGSTON,59.5
prod_age_avg,2017,LYON,59.2
prod_age_avg,2017,MCCRACKEN,56.4
prod_age_avg,2017,MARSHALL,56.9
prod_age_avg,2017,TRIGG,55.1
prod_age_avg,2017,CALDWELL,57.4
prod_age_avg,2017,CHRISTIAN,54.3
prod_age_avg,2017,CRITTENDEN,55.5
prod_age_avg,2017,DAVIESS,55.1
prod_age_avg,2017,HANCOCK,54.7
prod_age_avg,2017,HENDERSON,57.3
prod_age_avg,2017,HOPKINS,54.9
prod_age_avg,2017,LOGAN,56.9
prod_age_avg,2017,MCLEAN,55.7
prod_age_avg,2017,MUHLENBERG,57.1
prod_age_avg,2017,OHIO,54.7
prod_age_avg,2017,SIMPSON,56.7
prod_age_avg,2017,TODD,51.0
prod_age_avg,2017,UNION,57.3
prod_age_avg,2017,WEBSTER,56.9
prod_age_avg,2017,ADAIR,56.4
prod_age_avg,2017,ALLEN,53.7
prod_age_avg,2017,BARREN,55.6
prod_age_avg,2017,BRECKINRIDGE,55.3
prod_age_avg,2017,BULLITT,57.4
prod_age_avg,2017,BUTLER,56.6
prod_age_avg,2017,CASEY,55.9
prod_age_avg,2017,CLINTON,56.5
prod_age_avg,2017,CUMBERLAND,57.1
prod_age_avg,2017,EDMONSON,56.8
prod_age_avg,2017,GRAYSON,57.2
prod_age_avg,2017,GREEN,55.5
prod_age_avg,2017,HARDIN,57.2
prod_age_avg,2017,HART,54.2
prod_age_avg,2017,JEFFERSON,60.4
prod_age_avg,2017,LARUE,56.1
prod_age_avg,2017,MARION,56.9
prod_age_avg,2017,MEADE,54.3
prod_age_avg,2017,METCALFE,54.9
prod_age_avg,2017,MONROE,54.4
prod_age_avg,2017,NELSON,56.3
prod_age_avg,2017,RUSSELL,57.9
prod_age_avg,2017,TAYLOR,56.5
prod_age_avg,2017,WARREN,57.2
prod_age_avg,2017,BOONE,57.1
prod_age_avg,2017,BRACKEN,56.2
prod_age_avg,2017,CAMPBELL,56.7
prod_age_avg,2017,CARROLL,56.3
prod_age_avg,2017,GALLATIN,53.6
prod_age_avg,2017,GRANT,57.0
prod_age_avg,2017,HENRY,57.2
prod_age_avg,2017,KENTON,57.6
prod_age_avg,2017,OLDHAM,57.5
prod_age_avg,2017,OWEN,55.9
prod_age_avg,2017,PENDLETON,56.7
prod_age_avg,2017,TRIMBLE,57.8
prod_age_avg,2017,ANDERSON,55.4
prod_age_avg,2017,BATH,55.9
prod_age_avg,2017,BOURBON,56.6
prod_age_avg,2017,BOYLE,57.3
prod_age_avg,2017,CLARK,58.7
prod_age_avg,2017,FAYETTE,57.4
prod_age_avg,2017,FLEMING,55.8
prod_age_avg,2017,FRANKLIN,56.7
prod_age_avg,2017,GARRARD,55.5
prod_age_avg,2017,HARRISON,55.3
prod_age_avg,2017,JESSAMINE,57.5
prod_age_avg,2017,LINCOLN,54.9
prod_age_avg,2017,MADISON,57.6
prod_age_avg,2017,MASON,54.9
prod_age_avg,2017,MERCER,54.0
prod_age_avg,2017,MONTGOMERY,57.6
prod_age_avg,2017,NICHOLAS,54.6
prod_age_avg,2017,ROBERTSON,57.1
prod_age_avg,2017,SCOTT,56.1
prod_age_avg,2017,SHELBY,57.0
prod_age_avg,2017,SPENCER,58.0
prod_age_avg,2017,WASHINGTON,55.2
prod_age_avg,2017,WOODFORD,58.2
prod_age_avg,2017,BELL,54.0
prod_age_avg,2017,BOYD,55.5
prod_age_avg,2017,BREATHITT,52.5
prod_age_avg,2017,CARTER,55.6
prod_age_avg,2017,CLAY,54.4
prod_age_avg,2017,ELLIOTT,56.8
prod_age_avg,2017,ESTILL,55.7
prod_age_avg,2017,FLOYD,52.5
prod_age_avg,2017,GREENUP,55.2
prod_age_avg,2017,HARLAN,52.7
prod_age_avg,2017,JACKSON,57.6
prod_age_avg,2017,JOHNSON,55.0
prod_age_avg,2017,KNOTT,50.5
prod_age_avg,2017,KNOX,56.1
prod_age_avg,2017,LAUREL,58.3
prod_age_avg,2017,LAWRENCE,56.8
prod_age_avg,2017,LEE,56.8
prod_age_avg,2017,LESLIE,54.0
prod_age_avg,2017,LETCHER,51.6
prod_age_avg,2017,LEWIS,56.7
prod_age_avg,2017,MCCREARY,56.1
prod_age_avg,2017,MAGOFFIN,55.3
prod_age_avg,2017,MARTIN,46.9
prod_age_avg,2017,MENIFEE,55.4
prod_age_avg,2017,MORGAN,55.2
prod_age_avg,2017,OWSLEY,54.3
prod_age_avg,2017,PERRY,51.5
prod_age_avg,2017,PIKE,56.2
prod_age_avg,2017,POWELL,57.3
prod_age_avg,2017,PULASKI,57.2
prod_age_avg,2017,ROCKCASTLE,54.8
prod_age_avg,2017,ROWAN,58.3
prod_age_avg,2017,WAYNE,56.6
prod_age_avg,2017,WHITLEY,56.3
prod_age_avg,2017,WOLFE,54.3
prod_age_avg,2022,BALLARD,56.3
prod_age_avg,2022,CALLOWAY,58.6
prod_age_avg,2022,CARLISLE,59.5
prod_age_avg,2022,FULTON,58.7
prod_age_avg,2022,GRAVES,57.1
prod_age_avg,2022,HICKMAN,58.7
prod_age_avg,2022,LIVINGSTON,57.7
prod_age_avg,2022,LYON,59.4
prod_age_avg,2022,MCCRACKEN,56.4
prod_age_avg,2022,MARSHALL,60.7
prod_age_avg,2022,TRIGG,56.0
prod_age_avg,2022,CALDWELL,55.0
prod_age_avg,2022,CHRISTIAN,56.4
prod_age_avg,2022,CRITTENDEN,55.9
prod_age_avg,2022,DAVIESS,56.1
prod_age_avg,2022,HANCOCK,53.7
prod_age_avg,2022,HENDERSON,59.6
prod_age_avg,2022,HOPKINS,56.8
prod_age_avg,2022,LOGAN,59.0
prod_age_avg,2022,MCLEAN,56.0
prod_age_avg,2022,MUHLENBERG,59.4
prod_age_avg,2022,OHIO,57.6
prod_age_avg,2022,SIMPSON,56.3
prod_age_avg,2022,TODD,53.2
prod_age_avg,2022,UNION,56.8
prod_age_avg,2022,WEBSTER,58.4
prod_age_avg,2022,ADAIR,57.9
prod_age_avg,2022,ALLEN,55.0
prod_age_avg,2022,BARREN,57.6
prod_age_avg,2022,BRECKINRIDGE,57.7
prod_age_avg,2022,BULLITT,58.3
prod_age_avg,2022,BUTLER,56.2
prod_age_avg,2022,CASEY,56.0
prod_age_avg,2022,CLINTON,58.5
prod_age_avg,2022,CUMBERLAND,53.5
prod_age_avg,2022,EDMONSON,55.9
prod_age_avg,2022,GRAYSON,58.4
prod_age_avg,2022,GREEN,56.9
prod_age_avg,2022,HARDIN,58.2
prod_age_avg,2022,HART,55.6
prod_age_avg,2022,JEFFERSON,57.7
prod_age_avg,2022,LARUE,55.5
prod_age_avg,2022,MARION,58.0
prod_age_avg,2022,MEADE,56.3
prod_age_avg,2022,METCALFE,57.5
prod_age_avg,2022,MONROE,55.6
prod_age_avg,2022,NELSON,56.6
prod_age_avg,2022,RUSSELL,57.2
prod_age_avg,2022,TAYLOR,58.1
prod_age_avg,2022,WARREN,57.9
prod_age_avg,2022,BOONE,56.8
prod_age_avg,2022,BRACKEN,55.2
prod_age_avg,2022,CAMPBELL,57.8
prod_age_avg,2022,CARROLL,56.9
prod_age_avg,2022,GALLATIN,59.0
prod_age_avg,2022,GRANT,56.9
prod_age_avg,2022,HENRY,57.8
prod_age_avg,2022,KENTON,58.0
prod_age_avg,2022,OLDHAM,59.8
prod_age_avg,2022,OWEN,56.8
prod_age_avg,2022,PENDLETON,57.0
prod_age_avg,2022,TRIMBLE,58.0
prod_age_avg,2022,ANDERSON,54.8
prod_age_avg,2022,BATH,55.4
prod_age_avg,2022,BOURBON,57.6
prod_age_avg,2022,BOYLE,58.7
prod_age_avg,2022,CLARK,57.4
prod_age_avg,2022,FAYETTE,57.4
prod_age_avg,2022,FLEMING,56.4
prod_age_avg,2022,FRANKLIN,57.7
prod_age_avg,2022,GARRARD,56.8
prod_age_avg,2022,HARRISON,55.5
prod_age_avg,2022,JESSAMINE,58.2
prod_age_avg,2022,LINCOLN,55.7
prod_age_avg,2022,MADISON,58.6
prod_age_avg,2022,MASON,55.2
prod_age_avg,2022,MERCER,57.2
prod_age_avg,2022,MONTGOMERY,57.0
prod_age_avg,2022,NICHOLAS,55.1
prod_age_avg,2022,ROBERTSON,58.3
prod_age_avg,2022,SCOTT,57.2
prod_age_avg,2022,SHELBY,58.0
prod_age_avg,2022,SPENCER,57.3
prod_age_avg,2022,WASHINGTON,57.0
prod_age_avg,2022,WOODFORD,56.2
prod_age_avg,2022,BELL,55.8
prod_age_avg,2022,BOYD,57.5
prod_age_avg,2022,BREATHITT,57.5
prod_age_avg,2022,CARTER,57.6
prod_age_avg,2022,CLAY,58.3
prod_age_avg,2022,ELLIOTT,56.7
prod_age_avg,2022,ESTILL,55.4
prod_age_avg,2022,FLOYD,59.4
prod_age_avg,2022,GREENUP,57.0
prod_age_avg,2022,HARLAN,57.5
prod_age_avg,2022,JACKSON,55.3
prod_age_avg,2022,JOHNSON,53.1
prod_age_avg,2022,KNOTT,62.0
prod_age_avg,2022,KNOX,57.8
prod_age_avg,2022,LAUREL,57.7
prod_age_avg,2022,LAWRENCE,57.5
prod_age_avg,2022,LEE,53.0
prod_age_avg,2022,LESLIE,65.4
prod_age_avg,2022,LETCHER,54.9
prod_age_avg,2022,LEWIS,56.8
prod_age_avg,2022,MCCREARY,58.1
prod_age_avg,2022,MAGOFFIN,56.2
prod_age_avg,2022,MARTIN,54.7
prod_age_avg,2022,MENIFEE,58.0
prod_age_avg,2022,MORGAN,57.5
prod_age_avg,2022,OWSLEY,55.8
prod_age_avg,2022,PERRY,52.2
prod_age_avg,2022,PIKE,55.4
prod_age_avg,2022,POWELL,59.7
prod_age_avg,2022,PULASKI,58.0
prod_age_avg,2022,ROCKCASTLE,57.6
prod_age_avg,2022,ROWAN,56.5
prod_age_avg,2022,WAYNE,57.6
prod_age_avg,2022,WHITLEY,55.2
prod_age_avg,2022,WOLFE,54.2
oper_age_avg,2002,BALLARD,55.0
oper_age_avg,2002,CALLOWAY,55.2
oper_age_avg,2002,CARLISLE,54.6
oper_age_avg,2002,FULTON,56.2
oper_age_avg,2002,GRAVES,55.6
oper_age_avg,2002,HICKMAN,55.9
oper_age_avg,2002,LIVINGSTON,56.2
oper_age_avg,2002,LYON,58.3
oper_age_avg,2002,MCCRACKEN,55.1
oper_age_avg,2002,MARSHALL,56.9
oper_age_avg,2002,TRIGG,55.6
oper_age_avg,2002,CALDWELL,57.6
oper_age_avg,2002,CHRISTIAN,55.3
oper_age_avg,2002,CRITTENDEN,55.9
oper_age_avg,2002,DAVIESS,53.5
oper_age_avg,2002,HANCOCK,54.9
oper_age_avg,2002,HENDERSON,55.7
oper_age_avg,2002,HOPKINS,55.3
oper_age_avg,2002,LOGAN,55.1
oper_age_avg,2002,MCLEAN,53.6
oper_age_avg,2002,MUHLENBERG,55.4
oper_age_avg,2002,OHIO,54.9
oper_age_avg,2002,SIMPSON,54.0
oper_age_avg,2002,TODD,52.4
oper_age_avg,2002,UNION,53.6
oper_age_avg,2002,WEBSTER,55.3
oper_age_avg,2002,ADAIR,54.3
oper_age_avg,2002,ALLEN,56.0
oper_age_avg,2002,BARREN,54.8
oper_age_avg,2002,BRECKINRIDGE,55.7
oper_age_avg,2002,BULLITT,57.3
oper_age_avg,2002,BUTLER,54.1
oper_age_avg,2002,CASEY,55.1
oper_age_avg,2002,CLINTON,54.9
oper_age_avg,2002,CUMBERLAND,55.5
oper_age_avg,2002,EDMONSON,55.2
oper_age_avg,2002,GRAYSON,54.7
oper_age_avg,2002,GREEN,54.8
oper_age_avg,2002,HARDIN,55.4
oper_age_avg,2002,HART,53.5
oper_age_avg,2002,JEFFERSON,57.3
oper_age_avg,2002,LARUE,54.7
oper_age_avg,2002,MARION,54.1
oper_age_avg,2002,MEADE,54.5
oper_age_avg,2002,METCALFE,53.7
oper_age_avg,2002,MONROE,54.2
oper_age_avg,2002,NELSON,54.8
oper_age_avg,2002,RUSSELL,54.8
oper_age_avg,2002,TAYLOR,55.2
oper_age_avg,2002,WARREN,55.4
oper_age_avg,2002,BOONE,56.6
oper_age_avg,2002,BRACKEN,55.0
oper_age_avg,2002,CAMPBELL,55.3
oper_age_avg,2002,CARROLL,53.2
oper_age_avg,2002,GALLATIN,55.9
oper_age_avg,2002,GRANT,55.5
oper_age_avg,2002,HENRY,56.3
oper_age_avg,2002,KENTON,57.2
oper_age_avg,2002,OLDHAM,56.9
oper_age_avg,2002,OWEN,55.6
oper_age_avg,2002,PENDLETON,55.2
oper_age_avg,2002,TRIMBLE,55.1
oper_age_avg,2002,ANDERSON,54.3
oper_age_avg,2002,BATH,55.8
oper_age_avg,2002,BOURBON,55.7
oper_age_avg,2002,BOYLE,56.1
oper_age_avg,2002,CLARK,57.0
oper_age_avg,2002,FAYETTE,55.9
oper_age_avg,2002,FLEMING,54.4
oper_age_avg,2002,FRANKLIN,57.0
oper_age_avg,2002,GARRARD,56.1
oper_age_avg,2002,HARRISON,55.3
oper_age_avg,2002,JESSAMINE,56.4
oper_age_avg,2002,LINCOLN,55.0
oper_age_avg,2002,MADISON,56.6
oper_age_avg,2002,MASON,55.9
oper_age_avg,2002,MERCER,54.4
oper_age_avg,2002,MONTGOMERY,55.9
oper_age_avg,2002,NICHOLAS,55.0
oper_age_avg,2002,ROBERTSON,54.2
oper_age_avg,2002,SCOTT,55.9
oper_age_avg,2002,SHELBY,55.5
oper_age_avg,2002,SPENCER,55.8
oper_age_avg,2002,WASHINGTON,53.5
oper_age_avg,2002,WOODFORD,55.3
oper_age_avg,2002,BELL,55.0
oper_age_avg,2002,BOYD,54.3
oper_age_avg,2002,BREATHITT,52.6
oper_age_avg,2002,CARTER,54.8
oper_age_avg,2002,CLAY,56.0
oper_age_avg,2002,ELLIOTT,52.5
oper_age_avg,2002,ESTILL,56.1
oper_age_avg,2002,FLOYD,59.9
oper_age_avg,2002,GREENUP,55.2
oper_age_avg,2002,HARLAN,48.1
oper_age_avg,2002,JACKSON,52.4
oper_age_avg,2002,JOHNSON,53.8
oper_age_avg,2002,KNOTT,51.9
oper_age_avg,2002,KNOX,55.9
oper_age_avg,2002,LAUREL,56.8
oper_age_avg,2002,LAWRENCE,58.6
oper_age_avg,2002,LEE,53.8
oper_age_avg,2002,LESLIE,54.8
oper_age_avg,2002,LETCHER,53.4
oper_age_avg,2002,LEWIS,55.5
oper_age_avg,2002,MCCREARY,56.3
oper_age_avg,2002,MAGOFFIN,52.7
oper_age_avg,2002,MARTIN,47.0
oper_age_avg,2002,MENIFEE,52.5
oper_age_avg,2002,MORGAN,51.6
oper_age_avg,2002,OWSLEY,52.2
oper_age_avg,2002,PERRY,53.0
oper_age_avg,2002,PIKE,57.2
oper_age_avg,2002,POWELL,54.9
oper_age_avg,2002,PULASKI,57.0
oper_age_avg,2002,ROCKCASTLE,56.6
oper_age_avg,2002,ROWAN,54.7
oper_age_avg,2002,WAYNE,55.2
oper_age_avg,2002,WHITLEY,55.1
oper_age_avg,2002,WOLFE,56.3
oper_age_avg,2007,BALLARD,57.0
oper_age_avg,2007,CALLOWAY,55.9
oper_age_avg,2007,CARLISLE,55.7
oper_age_avg,2007,FULTON,59.8
oper_age_avg,2007,GRAVES,57.7
oper_age_avg,2007,HICKMAN,56.9
oper_age_avg,2007,LIVINGSTON,58.3
oper_age_avg,2007,LYON,60.4
oper_age_avg,2007,MCCRACKEN,57.3
oper_age_avg,2007,MARSHALL,59.4
oper_age_avg,2007,TRIGG,56.6
oper_age_avg,2007,CALDWELL,59.1
oper_age_avg,2007,CHRISTIAN,56.6
oper_age_avg,2007,CRITTENDEN,56.0
oper_age_avg,2007,DAVIESS,55.0
oper_age_avg,2007,HANCOCK,57.4
oper_age_avg,2007,HENDERSON,56.7
oper_age_avg,2007,HOPKINS,56.9
oper_age_avg,2007,LOGAN,56.1
oper_age_avg,2007,MCLEAN,56.0
oper_age_avg,2007,MUHLENBERG,57.3
oper_age_avg,2007,OHIO,55.9
oper_age_avg,2007,SIMPSON,56.4
oper_age_avg,2007,TODD,53.2
oper_age_avg,2007,UNION,55.0
oper_age_avg,2007,WEBSTER,58.0
oper_age_avg,2007,ADAIR,56.5
oper_age_avg,2007,ALLEN,55.9
oper_age_avg,2007,BARREN,55.6
oper_age_avg,2007,BRECKINRIDGE,56.5
oper_age_avg,2007,BULLITT,58.3
oper_age_avg,2007,BUTLER,56.2
oper_age_avg,2007,CASEY,56.0
oper_age_avg,2007,CLINTON,56.2
oper_age_avg,2007,CUMBERLAND,57.1
oper_age_avg,2007,EDMONSON,56.6
oper_age_avg,2007,GRAYSON,57.3
oper_age_avg,2007,GREEN,55.9
oper_age_avg,2007,HARDIN,57.3
oper_age_avg,2007,HART,54.0
oper_age_avg,2007,JEFFERSON,58.2
oper_age_avg,2007,LARUE,56.6
oper_age_avg,2007,MARION,54.8
oper_age_avg,2007,MEADE,56.0
oper_age_avg,2007,METCALFE,55.1
oper_age_avg,2007,MONROE,55.5
oper_age_avg,2007,NELSON,57.0
oper_age_avg,2007,RUSSELL,56.3
oper_age_avg,2007,TAYLOR,57.3
oper_age_avg,2007,WARREN,57.0
oper_age_avg,2007,BOONE,57.9
oper_age_avg,2007,BRACKEN,55.7
oper_age_avg,2007,CAMPBELL,57.7
oper_age_avg,2007,CARROLL,56.2
oper_age_avg,2007,GALLATIN,59.2
oper_age_avg,2007,GRANT,57.8
oper_age_avg,2007,HENRY,57.4
oper_age_avg,2007,KENTON,57.8
oper_age_avg,2007,OLDHAM,58.2
oper_age_avg,2007,OWEN,57.2
oper_age_avg,2007,PENDLETON,56.5
oper_age_avg,2007,TRIMBLE,57.0
oper_age_avg,2007,ANDERSON,57.7
oper_age_avg,2007,BATH,56.1
oper_age_avg,2007,BOURBON,57.5
oper_age_avg,2007,BOYLE,58.0
oper_age_avg,2007,CLARK,57.6
oper_age_avg,2007,FAYETTE,56.3
oper_age_avg,2007,FLEMING,55.6
oper_age_avg,2007,FRANKLIN,57.8
oper_age_avg,2007,GARRARD,57.0
oper_age_avg,2007,HARRISON,55.5
oper_age_avg,2007,JESSAMINE,58.9
oper_age_avg,2007,LINCOLN,55.4
oper_age_avg,2007,MADISON,57.8
oper_age_avg,2007,MASON,57.1
oper_age_avg,2007,MERCER,55.8
oper_age_avg,2007,MONTGOMERY,57.8
oper_age_avg,2007,NICHOLAS,55.0
oper_age_avg,2007,ROBERTSON,57.4
oper_age_avg,2007,SCOTT,56.8
oper_age_avg,2007,SHELBY,57.3
oper_age_avg,2007,SPENCER,58.0
oper_age_avg,2007,WASHINGTON,55.7
oper_age_avg,2007,WOODFORD,57.4
oper_age_avg,2007,BELL,52.8
oper_age_avg,2007,BOYD,53.7
oper_age_avg,2007,BREATHITT,54.1
oper_age_avg,2007,CARTER,56.6
oper_age_avg,2007,CLAY,55.9
oper_age_avg,2007,ELLIOTT,54.2
oper_age_avg,2007,ESTILL,57.6
oper_age_avg,2007,FLOYD,60.9
oper_age_avg,2007,GREENUP,55.9
oper_age_avg,2007,HARLAN,56.4
oper_age_avg,2007,JACKSON,54.3
oper_age_avg,2007,JOHNSON,53.6
oper_age_avg,2007,KNOTT,51.8
oper_age_avg,2007,KNOX,55.3
oper_age_avg,2007,LAUREL,58.1
oper_age_avg,2007,LAWRENCE,57.0
oper_age_avg,2007,LEE,54.9
oper_age_avg,2007,LESLIE,60.4
oper_age_avg,2007,LETCHER,53.5
oper_age_avg,2007,LEWIS,55.1
oper_age_avg,2007,MCCREARY,57.2
oper_age_avg,2007,MAGOFFIN,53.4
oper_age_avg,2007,MARTIN,55.1
oper_age_avg,2007,MENIFEE,52.6
oper_age_avg,2007,MORGAN,54.1
oper_age_avg,2007,OWSLEY,54.5
oper_age_avg,2007,PERRY,50.1
oper_age_avg,2007,PIKE,56.2
oper_age_avg,2007,POWELL,57.9
oper_age_avg,2007,PULASKI,58.0
oper_age_avg,2007,ROCKCASTLE,57.5
oper_age_avg,2007,ROWAN,55.0
oper_age_avg,2007,WAYNE,56.6
oper_age_avg,2007,WHITLEY,55.9
oper_age_avg,2007,WOLFE,55.8
oper_age_avg,2012,BALLARD,58.1
oper_age_avg,2012,CALLOWAY,58.1
oper_age_avg,2012,CARLISLE,56.4
oper_age_avg,2012,FULTON,56.1
oper_age_avg,2012,GRAVES,59.1
oper_age_avg,2012,HICKMAN,58.0
oper_age_avg,2012,LIVINGSTON,59.4
oper_age_avg,2012,LYON,60.4
oper_age_avg,2012,MCCRACKEN,56.8
oper_age_avg,2012,MARSHALL,60.7
oper_age_avg,2012,TRIGG,54.9
oper_age_avg,2012,CALDWELL,59.8
oper_age_avg,2012,CHRISTIAN,55.2
oper_age_avg,2012,CRITTENDEN,58.6
oper_age_avg,2012,DAVIESS,57.4
oper_age_avg,2012,HANCOCK,54.7
oper_age_avg,2012,HENDERSON,58.5
oper_age_avg,2012,HOPKINS,58.3
oper_age_avg,2012,LOGAN,57.7
oper_age_avg,2012,MCLEAN,57.2
oper_age_avg,2012,MUHLENBERG,59.1
oper_age_avg,2012,OHIO,56.8
oper_age_avg,2012,SIMPSON,57.9
oper_age_avg,2012,TODD,53.0
oper_age_avg,2012,UNION,55.1
oper_age_avg,2012,WEBSTER,56.9
oper_age_avg,2012,ADAIR,57.4
oper_age_avg,2012,ALLEN,56.3
oper_age_avg,2012,BARREN,57.0
oper_age_avg,2012,BRECKINRIDGE,56.6
oper_age_avg,2012,BULLITT,60.0
oper_age_avg,2012,BUTLER,55.8
oper_age_avg,2012,CASEY,57.2
oper_age_avg,2012,CLINTON,57.6
oper_age_avg,2012,CUMBERLAND,58.1
oper_age_avg,2012,EDMONSON,58.1
oper_age_avg,2012,GRAYSON,58.3
oper_age_avg,2012,GREEN,56.4
oper_age_avg,2012,HARDIN,58.2
oper_age_avg,2012,HART,55.8
oper_age_avg,2012,JEFFERSON,61.1
oper_age_avg,2012,LARUE,57.0
oper_age_avg,2012,MARION,56.6
oper_age_avg,2012,MEADE,57.0
oper_age_avg,2012,METCALFE,56.0
oper_age_avg,2012,MONROE,55.5
oper_age_avg,2012,NELSON,57.6
oper_age_avg,2012,RUSSELL,58.8
oper_age_avg,2012,TAYLOR,57.1
oper_age_avg,2012,WARREN,58.9
oper_age_avg,2012,BOONE,61.0
oper_age_avg,2012,BRACKEN,57.1
oper_age_avg,2012,CAMPBELL,58.0
oper_age_avg,2012,CARROLL,57.9
oper_age_avg,2012,GALLATIN,58.8
oper_age_avg,2012,GRANT,59.3
oper_age_avg,2012,HENRY,59.3
oper_age_avg,2012,KENTON,58.0
oper_age_avg,2012,OLDHAM,59.8
oper_age_avg,2012,OWEN,58.5
oper_age_avg,2012,PENDLETON,57.4
oper_age_avg,2012,TRIMBLE,57.6
oper_age_avg,2012,ANDERSON,58.9
oper_age_avg,2012,BATH,58.5
oper_age_avg,2012,BOURBON,57.6
oper_age_avg,2012,BOYLE,58.1
oper_age_avg,2012,CLARK,57.5
oper_age_avg,2012,FAYETTE,58.5
oper_age_avg,2012,FLEMING,57.2
oper_age_avg,2012,FRANKLIN,60.9
oper_age_avg,2012,GARRARD,58.5
oper_age_avg,2012,HARRISON,56.2
oper_age_avg,2012,JESSAMINE,61.0
oper_age_avg,2012,LINCOLN,56.7
oper_age_avg,2012,MADISON,58.7
oper_age_avg,2012,MASON,58.3
oper_age_avg,2012,MERCER,56.2
oper_age_avg,2012,MONTGOMERY,59.1
oper_age_avg,2012,NICHOLAS,56.9
oper_age_avg,2012,ROBERTSON,58.1
oper_age_avg,2012,SCOTT,58.2
oper_age_avg,2012,SHELBY,59.5
oper_age_avg,2012,SPENCER,58.8
oper_age_avg,2012,WASHINGTON,57.1
oper_age_avg,2012,WOODFORD,59.5
oper_age_avg,2012,BELL,58.1
oper_age_avg,2012,BOYD,59.0
oper_age_avg,2012,BREATHITT,55.8
oper_age_avg,2012,CARTER,58.0
oper_age_avg,2012,CLAY,57.3
oper_age_avg,2012,ELLIOTT,53.3
oper_age_avg,2012,ESTILL,58.1
oper_age_avg,2012,FLOYD,58.6
oper_age_avg,2012,GREENUP,58.7
oper_age_avg,2012,HARLAN,54.8
oper_age_avg,2012,JACKSON,56.8
oper_age_avg,2012,JOHNSON,57.0
oper_age_avg,2012,KNOTT,54.6
oper_age_avg,2012,KNOX,59.0
oper_age_avg,2012,LAUREL,58.8
oper_age_avg,2012,LAWRENCE,56.1
oper_age_avg,2012,LEE,57.1
oper_age_avg,2012,LESLIE,54.3
oper_age_avg,2012,LETCHER,54.1
oper_age_avg,2012,LEWIS,55.7
oper_age_avg,2012,MCCREARY,55.6
oper_age_avg,2012,MAGOFFIN,54.6
oper_age_avg,2012,MARTIN,53.7
oper_age_avg,2012,MENIFEE,55.7
oper_age_avg,2012,MORGAN,55.5
oper_age_avg,2012,OWSLEY,57.4
oper_age_avg,2012,PERRY,52.2
oper_age_avg,2012,PIKE,60.8
oper_age_avg,2012,POWELL,59.2
oper_age_avg,2012,PULASKI,58.0
oper_age_avg,2012,ROCKCASTLE,56.9
oper_age_avg,2012,ROWAN,57.8
oper_age_avg,2012,WAYNE,56.5
oper_age_avg,2012,WHITLEY,58.9
oper_age_avg,2012,WOLFE,57.0
prod_n,2022,BALLARD,543.0
prod_n,2022,CALLOWAY,1388.0
prod_n,2022,CARLISLE,391.0
prod_n,2022,FULTON,291.0
prod_n,2022,GRAVES,1793.0
prod_n,2022,HICKMAN,406.0
prod_n,2022,LIVINGSTON,634.0
prod_n,2022,LYON,265.0
prod_n,2022,MCCRACKEN,532.0
prod_n,2022,MARSHALL,1281.0
prod_n,2022,TRIGG,807.0
prod_n,2022,CALDWELL,789.0
prod_n,2022,CHRISTIAN,1827.0
prod_n,2022,CRITTENDEN,872.0
prod_n,2022,DAVIESS,1692.0
prod_n,2022,HANCOCK,599.0
prod_n,2022,HENDERSON,803.0
prod_n,2022,HOPKINS,1047.0
prod_n,2022,LOGAN,1625.0
prod_n,2022,MCLEAN,588.0
prod_n,2022,MUHLENBERG,992.0
prod_n,2022,OHIO,1225.0
prod_n,2022,SIMPSON,682.0
prod_n,2022,TODD,948.0
prod_n,2022,UNION,495.0
prod_n,2022,WEBSTER,886.0
prod_n,2022,ADAIR,1774.0
prod_n,2022,ALLEN,1644.0
prod_n,2022,BARREN,2742.0
prod_n,2022,BRECKINRIDGE,2065.0
prod_n,2022,BULLITT,670.0
prod_n,2022,BUTLER,1079.0
prod_n,2022,CASEY,1682.0
prod_n,2022,CLINTON,612.0
prod_n,2022,CUMBERLAND,734.0
prod_n,2022,EDMONSON,951.0
prod_n,2022,GRAYSON,2140.0
prod_n,2022,GREEN,1553.0
prod_n,2022,HARDIN,2163.0
prod_n,2022,HART,2201.0
prod_n,2022,JEFFERSON,461.0
prod_n,2022,LARUE,1206.0
prod_n,2022,MARION,1616.0
prod_n,2022,MEADE,1238.0
prod_n,2022,METCALFE,1357.0
prod_n,2022,MONROE,1137.0
prod_n,2022,NELSON,2072.0
prod_n,2022,RUSSELL,1067.0
prod_n,2022,TAYLOR,1122.0
prod_n,2022,WARREN,2548.0
prod_n,2022,BOONE,1361.0
prod_n,2022,BRACKEN,986.0
prod_n,2022,CAMPBELL,890.0
prod_n,2022,CARROLL,406.0
prod_n,2022,GALLATIN,251.0
prod_n,2022,GRANT,1379.0
prod_n,2022,HENRY,1232.0
prod_n,2022,KENTON,757.0
prod_n,2022,OLDHAM,709.0
prod_n,2022,OWEN,1165.0
prod_n,2022,PENDLETON,1545.0
prod_n,2022,TRIMBLE,678.0
prod_n,2022,ANDERSON,1295.0
prod_n,2022,BATH,1116.0
prod_n,2022,BOURBON,1552.0
prod_n,2022,BOYLE,836.0
prod_n,2022,CLARK,1349.0
prod_n,2022,FAYETTE,1232.0
prod_n,2022,FLEMING,1578.0
prod_n,2022,FRANKLIN,954.0
prod_n,2022,GARRARD,1117.0
prod_n,2022,HARRISON,1870.0
prod_n,2022,JESSAMINE,1109.0
prod_n,2022,LINCOLN,1667.0
prod_n,2022,MADISON,2033.0
prod_n,2022,MASON,996.0
prod_n,2022,MERCER,1636.0
prod_n,2022,MONTGOMERY,910.0
prod_n,2022,NICHOLAS,795.0
prod_n,2022,ROBERTSON,289.0
prod_n,2022,SCOTT,1420.0
prod_n,2022,SHELBY,2419.0
prod_n,2022,SPENCER,975.0
prod_n,2022,WASHINGTON,1716.0
prod_n,2022,WOODFORD,1359.0
prod_n,2022,BELL,144.0
prod_n,2022,BOYD,322.0
prod_n,2022,BREATHITT,222.0
prod_n,2022,CARTER,1121.0
prod_n,2022,CLAY,290.0
prod_n,2022,ELLIOTT,517.0
prod_n,2022,ESTILL,528.0
prod_n,2022,FLOYD,98.0
prod_n,2022,GREENUP,823.0
prod_n,2022,HARLAN,79.0
prod_n,2022,JACKSON,779.0
prod_n,2022,JOHNSON,350.0
prod_n,2022,KNOTT,73.0
prod_n,2022,KNOX,494.0
prod_n,2022,LAUREL,1441.0
prod_n,2022,LAWRENCE,449.0
prod_n,2022,LEE,239.0
prod_n,2022,LESLIE,38.0
prod_n,2022,LETCHER,137.0
prod_n,2022,LEWIS,840.0
prod_n,2022,MCCREARY,296.0
prod_n,2022,MAGOFFIN,501.0
prod_n,2022,MARTIN,28.0
prod_n,2022,MENIFEE,347.0
prod_n,2022,MORGAN,921.0
prod_n,2022,OWSLEY,137.0
prod_n,2022,PERRY,96.0
prod_n,2022,PIKE,100.0
prod_n,2022,POWELL,274.0
prod_n,2022,PULASKI,2699.0
prod_n,2022,ROCKCASTLE,999.0
prod_n,2022,ROWAN,469.0
prod_n,2022,WAYNE,1231.0
prod_n,2022,WHITLEY,804.0
prod_n,2022,WOLFE,429.0
prod_65_74,2017,BALLARD,143.0
prod_65_74,2017,CALLOWAY,218.0
prod_65_74,2017,CARLISLE,83.0
prod_65_74,2017,FULTON,53.0
prod_65_74,2017,GRAVES,369.0
prod_65_74,2017,HICKMAN,77.0
prod_65_74,2017,LIVINGSTON,141.0
prod_65_74,2017,LYON,86.0
prod_65_74,2017,MCCRACKEN,100.0
prod_65_74,2017,MARSHALL,250.0
prod_65_74,2017,TRIGG,145.0
prod_65_74,2017,CALDWELL,178.0
prod_65_74,2017,CHRISTIAN,324.0
prod_65_74,2017,CRITTENDEN,183.0
prod_65_74,2017,DAVIESS,268.0
prod_65_74,2017,HANCOCK,99.0
prod_65_74,2017,HENDERSON,137.0
prod_65_74,2017,HOPKINS,219.0
prod_65_74,2017,LOGAN,351.0
prod_65_74,2017,MCLEAN,137.0
prod_65_74,2017,MUHLENBERG,198.0
prod_65_74,2017,OHIO,260.0
prod_65_74,2017,SIMPSON,181.0
prod_65_74,2017,TODD,140.0
prod_65_74,2017,UNION,125.0
prod_65_74,2017,WEBSTER,170.0
prod_65_74,2017,ADAIR,390.0
prod_65_74,2017,ALLEN,339.0
prod_65_74,2017,BARREN,644.0
prod_65_74,2017,BRECKINRIDGE,458.0
prod_65_74,2017,BULLITT,164.0
prod_65_74,2017,BUTLER,145.0
prod_65_74,2017,CASEY,383.0
prod_65_74,2017,CLINTON,175.0
prod_65_74,2017,CUMBERLAND,141.0
prod_65_74,2017,EDMONSON,223.0
prod_65_74,2017,GRAYSON,516.0
prod_65_74,2017,GREEN,310.0
prod_65_74,2017,HARDIN,417.0
prod_65_74,2017,HART,404.0
prod_65_74,2017,JEFFERSON,167.0
prod_65_74,2017,LARUE,268.0
prod_65_74,2017,MARION,323.0
prod_65_74,2017,MEADE,239.0
prod_65_74,2017,METCALFE,250.0
prod_65_74,2017,MONROE,208.0
prod_65_74,2017,NELSON,494.0
prod_65_74,2017,RUSSELL,274.0
prod_65_74,2017,TAYLOR,238.0
prod_65_74,2017,WARREN,586.0
prod_65_74,2017,BOONE,268.0
prod_65_74,2017,BRACKEN,193.0
prod_65_74,2017,CAMPBELL,175.0
prod_65_74,2017,CARROLL,136.0
prod_65_74,2017,GALLATIN,53.0
prod_65_74,2017,GRANT,308.0
prod_65_74,2017,HENRY,317.0
prod_65_74,2017,KENTON,174.0
prod_65_74,2017,OLDHAM,197.0
prod_65_74,2017,OWEN,241.0
prod_65_74,2017,PENDLETON,355.0
prod_65_74,2017,TRIMBLE,186.0
prod_65_74,2017,ANDERSON,212.0
prod_65_74,2017,BATH,294.0
prod_65_74,2017,BOURBON,383.0
prod_65_74,2017,BOYLE,212.0
prod_65_74,2017,CLARK,358.0
prod_65_74,2017,FAYETTE,250.0
prod_65_74,2017,FLEMING,357.0
prod_65_74,2017,FRANKLIN,200.0
prod_65_74,2017,GARRARD,259.0
prod_65_74,2017,HARRISON,322.0
prod_65_74,2017,JESSAMINE,255.0
prod_65_74,2017,LINCOLN,374.0
prod_65_74,2017,MADISON,464.0
prod_65_74,2017,MASON,209.0
prod_65_74,2017,MERCER,348.0
prod_65_74,2017,MONTGOMERY,205.0
prod_65_74,2017,NICHOLAS,184.0
prod_65_74,2017,ROBERTSON,90.0
prod_65_74,2017,SCOTT,348.0
prod_65_74,2017,SHELBY,607.0
prod_65_74,2017,SPENCER,258.0
prod_65_74,2017,WASHINGTON,348.0
prod_65_74,2017,WOODFORD,275.0
prod_65_74,2017,BELL,45.0
prod_65_74,2017,BOYD,54.0
prod_65_74,2017,BREATHITT,36.0
prod_65_74,2017,CARTER,239.0
prod_65_74,2017,CLAY,72.0
prod_65_74,2017,ELLIOTT,113.0
prod_65_74,2017,ESTILL,117.0
prod_65_74,2017,FLOYD,41.0
prod_65_74,2017,GREENUP,210.0
prod_65_74,2017,HARLAN,3.0
prod_65_74,2017,JACKSON,213.0
prod_65_74,2017,JOHNSON,86.0
prod_65_74,2017,KNOTT,12.0
prod_65_74,2017,KNOX,117.0
prod_65_74,2017,LAUREL,332.0
prod_65_74,2017,LAWRENCE,71.0
prod_65_74,2017,LEE,45.0
prod_65_74,2017,LESLIE,4.0
prod_65_74,2017,LETCHER,30.0
prod_65_74,2017,LEWIS,158.0
prod_65_74,2017,MCCREARY,40.0
prod_65_74,2017,MAGOFFIN,113.0
prod_65_74,2017,MARTIN,2.0
prod_65_74,2017,MENIFEE,102.0
prod_65_74,2017,MORGAN,234.0
prod_65_74,2017,OWSLEY,72.0
prod_65_74,2017,PERRY,18.0
prod_65_74,2017,PIKE,21.0
prod_65_74,2017,POWELL,108.0
prod_65_74,2017,PULASKI,603.0
prod_65_74,2017,ROCKCASTLE,196.0
prod_65_74,2017,ROWAN,118.0
prod_65_74,2017,WAYNE,256.0
prod_65_74,2017,WHITLEY,209.0
prod_65_74,2017,WOLFE,120.0
prod_65_74,2022,BALLARD,127.0
prod_65_74,2022,CALLOWAY,353.0
prod_65_74,2022,CARLISLE,83.0
prod_65_74,2022,FULTON,80.0
prod_65_74,2022,GRAVES,393.0
prod_65_74,2022,HICKMAN,89.0
prod_65_74,2022,LIVINGSTON,144.0
prod_65_74,2022,LYON,86.0
prod_65_74,2022,MCCRACKEN,115.0
prod_65_74,2022,MARSHALL,345.0
prod_65_74,2022,TRIGG,138.0
prod_65_74,2022,CALDWELL,167.0
prod_65_74,2022,CHRISTIAN,386.0
prod_65_74,2022,CRITTENDEN,190.0
prod_65_74,2022,DAVIESS,352.0
prod_65_74,2022,HANCOCK,91.0
prod_65_74,2022,HENDERSON,217.0
prod_65_74,2022,HOPKINS,215.0
prod_65_74,2022,LOGAN,416.0
prod_65_74,2022,MCLEAN,119.0
prod_65_74,2022,MUHLENBERG,265.0
prod_65_74,2022,OHIO,276.0
prod_65_74,2022,SIMPSON,123.0
prod_65_74,2022,TODD,145.0
prod_65_74,2022,UNION,108.0
prod_65_74,2022,WEBSTER,189.0
prod_65_74,2022,ADAIR,397.0
prod_65_74,2022,ALLEN,329.0
prod_65_74,2022,BARREN,633.0
prod_65_74,2022,BRECKINRIDGE,419.0
prod_65_74,2022,BULLITT,160.0
prod_65_74,2022,BUTLER,236.0
prod_65_74,2022,CASEY,339.0
prod_65_74,2022,CLINTON,167.0
prod_65_74,2022,CUMBERLAND,150.0
prod_65_74,2022,EDMONSON,185.0
prod_65_74,2022,GRAYSON,531.0
prod_65_74,2022,GREEN,341.0
prod_65_74,2022,HARDIN,542.0
prod_65_74,2022,HART,414.0
prod_65_74,2022,JEFFERSON,153.0
prod_65_74,2022,LARUE,275.0
prod_65_74,2022,MARION,358.0
prod_65_74,2022,MEADE,247.0
prod_65_74,2022,METCALFE,300.0
prod_65_74,2022,MONROE,251.0
prod_65_74,2022,NELSON,471.0
prod_65_74,2022,RUSSELL,274.0
prod_65_74,2022,TAYLOR,265.0
prod_65_74,2022,WARREN,597.0
prod_65_74,2022,BOONE,299.0
prod_65_74,2022,BRACKEN,240.0
prod_65_74,2022,CAMPBELL,220.0
prod_65_74,2022,CARROLL,84.0
prod_65_74,2022,GALLATIN,57.0
prod_65_74,2022,GRANT,270.0
prod_65_74,2022,HENRY,317.0
prod_65_74,2022,KENTON,177.0
prod_65_74,2022,OLDHAM,150.0
prod_65_74,2022,OWEN,252.0
prod_65_74,2022,PENDLETON,330.0
prod_65_74,2022,TRIMBLE,128.0
prod_65_74,2022,ANDERSON,279.0
prod_65_74,2022,BATH,251.0
prod_65_74,2022,BOURBON,364.0
prod_65_74,2022,BOYLE,207.0
prod_65_74,2022,CLARK,355.0
prod_65_74,2022,FAYETTE,278.0
prod_65_74,2022,FLEMING,375.0
prod_65_74,2022,FRANKLIN,208.0
prod_65_74,2022,GARRARD,237.0
prod_65_74,2022,HARRISON,373.0
prod_65_74,2022,JESSAMINE,227.0
prod_65_74,2022,LINCOLN,325.0
prod_65_74,2022,MADISON,502.0
prod_65_74,2022,MASON,221.0
prod_65_74,2022,MERCER,392.0
prod_65_74,2022,MONTGOMERY,205.0
prod_65_74,2022,NICHOLAS,148.0
prod_65_74,2022,ROBERTSON,64.0
prod_65_74,2022,SCOTT,377.0
prod_65_74,2022,SHELBY,559.0
prod_65_74,2022,SPENCER,192.0
prod_65_74,2022,WASHINGTON,447.0
prod_65_74,2022,WOODFORD,264.0
prod_65_74,2022,BELL,29.0
prod_65_74,2022,BOYD,81.0
prod_65_74,2022,BREATHITT,62.0
prod_65_74,2022,CARTER,314.0
prod_65_74,2022,CLAY,49.0
prod_65_74,2022,ELLIOTT,121.0
prod_65_74,2022,ESTILL,113.0
prod_65_74,2022,FLOYD,28.0
prod_65_74,2022,GREENUP,210.0
prod_65_74,2022,HARLAN,13.0
prod_65_74,2022,JACKSON,192.0
prod_65_74,2022,JOHNSON,88.0
prod_65_74,2022,KNOTT,26.0
prod_65_74,2022,KNOX,127.0
prod_65_74,2022,LAUREL,346.0
prod_65_74,2022,LAWRENCE,109.0
prod_65_74,2022,LEE,56.0
prod_65_74,2022,LESLIE,11.0
prod_65_74,2022,LETCHER,40.0
prod_65_74,2022,LEWIS,224.0
prod_65_74,2022,MCCREARY,58.0
prod_65_74,2022,MAGOFFIN,109.0
prod_65_74,2022,MARTIN,5.0
prod_65_74,2022,MENIFEE,77.0
prod_65_74,2022,MORGAN,283.0
prod_65_74,2022,OWSLEY,29.0
prod_65_74,2022,PERRY,21.0
prod_65_74,2022,PIKE,10.0
prod_65_74,2022,POWELL,72.0
prod_65_74,2022,PULASKI,608.0
prod_65_74,2022,ROCKCASTLE,253.0
prod_65_74,2022,ROWAN,112.0
prod_65_74,2022,WAYNE,302.0
prod_65_74,2022,WHITLEY,176.0
prod_65_74,2022,WOLFE,68.0
prod_75plus,2017,BALLARD,55.0
prod_75plus,2017,CALLOWAY,156.0
prod_75plus,2017,CARLISLE,50.0
prod_75plus,2017,FULTON,30.0
prod_75plus,2017,GRAVES,208.0
prod_75plus,2017,HICKMAN,47.0
prod_75plus,2017,LIVINGSTON,92.0
prod_75plus,2017,LYON,42.0
prod_75plus,2017,MCCRACKEN,48.0
prod_75plus,2017,MARSHALL,122.0
prod_75plus,2017,TRIGG,71.0
prod_75plus,2017,CALDWELL,73.0
prod_75plus,2017,CHRISTIAN,205.0
prod_75plus,2017,CRITTENDEN,95.0
prod_75plus,2017,DAVIESS,132.0
prod_75plus,2017,HANCOCK,39.0
prod_75plus,2017,HENDERSON,92.0
prod_75plus,2017,HOPKINS,93.0
prod_75plus,2017,LOGAN,222.0
prod_75plus,2017,MCLEAN,69.0
prod_75plus,2017,MUHLENBERG,101.0
prod_75plus,2017,OHIO,124.0
prod_75plus,2017,SIMPSON,80.0
prod_75plus,2017,TODD,62.0
prod_75plus,2017,UNION,39.0
prod_75plus,2017,WEBSTER,82.0
prod_75plus,2017,ADAIR,206.0
prod_75plus,2017,ALLEN,189.0
prod_75plus,2017,BARREN,311.0
prod_75plus,2017,BRECKINRIDGE,211.0
prod_75plus,2017,BULLITT,97.0
prod_75plus,2017,BUTLER,104.0
prod_75plus,2017,CASEY,195.0
prod_75plus,2017,CLINTON,82.0
prod_75plus,2017,CUMBERLAND,68.0
prod_75plus,2017,EDMONSON,89.0
prod_75plus,2017,GRAYSON,204.0
prod_75plus,2017,GREEN,149.0
prod_75plus,2017,HARDIN,268.0
prod_75plus,2017,HART,180.0
prod_75plus,2017,JEFFERSON,72.0
prod_75plus,2017,LARUE,91.0
prod_75plus,2017,MARION,105.0
prod_75plus,2017,MEADE,102.0
prod_75plus,2017,METCALFE,171.0
prod_75plus,2017,MONROE,116.0
prod_75plus,2017,NELSON,238.0
prod_75plus,2017,RUSSELL,126.0
prod_75plus,2017,TAYLOR,141.0
prod_75plus,2017,WARREN,330.0
prod_75plus,2017,BOONE,141.0
prod_75plus,2017,BRACKEN,96.0
prod_75plus,2017,CAMPBELL,109.0
prod_75plus,2017,CARROLL,45.0
prod_75plus,2017,GALLATIN,37.0
prod_75plus,2017,GRANT,167.0
prod_75plus,2017,HENRY,140.0
prod_75plus,2017,KENTON,94.0
prod_75plus,2017,OLDHAM,74.0
prod_75plus,2017,OWEN,148.0
prod_75plus,2017,PENDLETON,142.0
prod_75plus,2017,TRIMBLE,94.0
prod_75plus,2017,ANDERSON,122.0
prod_75plus,2017,BATH,108.0
prod_75plus,2017,BOURBON,158.0
prod_75plus,2017,BOYLE,113.0
prod_75plus,2017,CLARK,177.0
prod_75plus,2017,FAYETTE,96.0
prod_75plus,2017,FLEMING,195.0
prod_75plus,2017,FRANKLIN,128.0
prod_75plus,2017,GARRARD,125.0
prod_75plus,2017,HARRISON,215.0
prod_75plus,2017,JESSAMINE,132.0
prod_75plus,2017,LINCOLN,162.0
prod_75plus,2017,MADISON,212.0
prod_75plus,2017,MASON,113.0
prod_75plus,2017,MERCER,151.0
prod_75plus,2017,MONTGOMERY,120.0
prod_75plus,2017,NICHOLAS,73.0
prod_75plus,2017,ROBERTSON,44.0
prod_75plus,2017,SCOTT,118.0
prod_75plus,2017,SHELBY,275.0
prod_75plus,2017,SPENCER,106.0
prod_75plus,2017,WASHINGTON,154.0
prod_75plus,2017,WOODFORD,104.0
prod_75plus,2017,BELL,6.0
prod_75plus,2017,BOYD,24.0
prod_75plus,2017,BREATHITT,10.0
prod_75plus,2017,CARTER,86.0
prod_75plus,2017,CLAY,34.0
prod_75plus,2017,ELLIOTT,49.0
prod_75plus,2017,ESTILL,54.0
prod_75plus,2017,FLOYD,9.0
prod_75plus,2017,GREENUP,68.0
prod_75plus,2017,HARLAN,5.0
prod_75plus,2017,JACKSON,88.0
prod_75plus,2017,JOHNSON,20.0
prod_75plus,2017,KNOTT,2.0
prod_75plus,2017,KNOX,58.0
prod_75plus,2017,LAUREL,202.0
prod_75plus,2017,LAWRENCE,44.0
prod_75plus,2017,LEE,17.0
prod_75plus,2017,LESLIE,4.0
prod_75plus,2017,LETCHER,13.0
prod_75plus,2017,LEWIS,85.0
prod_75plus,2017,MCCREARY,24.0
prod_75plus,2017,MAGOFFIN,28.0
prod_75plus,2017,MENIFEE,29.0
prod_75plus,2017,MORGAN,78.0
prod_75plus,2017,OWSLEY,15.0
prod_75plus,2017,PIKE,21.0
prod_75plus,2017,POWELL,38.0
prod_75plus,2017,PULASKI,303.0
prod_75plus,2017,ROCKCASTLE,91.0
prod_75plus,2017,ROWAN,67.0
prod_75plus,2017,WAYNE,117.0
prod_75plus,2017,WHITLEY,72.0
prod_75plus,2017,WOLFE,26.0
prod_75plus,2022,BALLARD,61.0
prod_75plus,2022,CALLOWAY,189.0
prod_75plus,2022,CARLISLE,63.0
prod_75plus,2022,FULTON,38.0
prod_75plus,2022,GRAVES,246.0
prod_75plus,2022,HICKMAN,65.0
prod_75plus,2022,LIVINGSTON,107.0
prod_75plus,2022,LYON,37.0
prod_75plus,2022,MCCRACKEN,42.0
prod_75plus,2022,MARSHALL,216.0
prod_75plus,2022,TRIGG,129.0
prod_75plus,2022,CALDWELL,102.0
prod_75plus,2022,CHRISTIAN,262.0
prod_75plus,2022,CRITTENDEN,102.0
prod_75plus,2022,DAVIESS,177.0
prod_75plus,2022,HANCOCK,71.0
prod_75plus,2022,HENDERSON,104.0
prod_75plus,2022,HOPKINS,124.0
prod_75plus,2022,LOGAN,233.0
prod_75plus,2022,MCLEAN,74.0
prod_75plus,2022,MUHLENBERG,163.0
prod_75plus,2022,OHIO,171.0
prod_75plus,2022,SIMPSON,100.0
prod_75plus,2022,TODD,105.0
prod_75plus,2022,UNION,65.0
prod_75plus,2022,WEBSTER,138.0
prod_75plus,2022,ADAIR,243.0
prod_75plus,2022,ALLEN,176.0
prod_75plus,2022,BARREN,384.0
prod_75plus,2022,BRECKINRIDGE,286.0
prod_75plus,2022,BULLITT,91.0
prod_75plus,2022,BUTLER,109.0
prod_75plus,2022,CASEY,211.0
prod_75plus,2022,CLINTON,77.0
prod_75plus,2022,CUMBERLAND,74.0
prod_75plus,2022,EDMONSON,101.0
prod_75plus,2022,GRAYSON,293.0
prod_75plus,2022,GREEN,159.0
prod_75plus,2022,HARDIN,264.0
prod_75plus,2022,HART,220.0
prod_75plus,2022,JEFFERSON,43.0
prod_75plus,2022,LARUE,97.0
prod_75plus,2022,MARION,199.0
prod_75plus,2022,MEADE,171.0
prod_75plus,2022,METCALFE,189.0
prod_75plus,2022,MONROE,133.0
prod_75plus,2022,NELSON,224.0
prod_75plus,2022,RUSSELL,123.0
prod_75plus,2022,TAYLOR,163.0
prod_75plus,2022,WARREN,350.0
prod_75plus,2022,BOONE,163.0
prod_75plus,2022,BRACKEN,101.0
prod_75plus,2022,CAMPBELL,111.0
prod_75plus,2022,CARROLL,62.0
prod_75plus,2022,GALLATIN,38.0
prod_75plus,2022,GRANT,184.0
prod_75plus,2022,HENRY,159.0
prod_75plus,2022,KENTON,98.0
prod_75plus,2022,OLDHAM,112.0
prod_75plus,2022,OWEN,130.0
prod_75plus,2022,PENDLETON,196.0
prod_75plus,2022,TRIMBLE,116.0
prod_75plus,2022,ANDERSON,93.0
prod_75plus,2022,BATH,138.0
prod_75plus,2022,BOURBON,175.0
prod_75plus,2022,BOYLE,112.0
prod_75plus,2022,CLARK,178.0
prod_75plus,2022,FAYETTE,166.0
prod_75plus,2022,FLEMING,188.0
prod_75plus,2022,FRANKLIN,117.0
prod_75plus,2022,GARRARD,166.0
prod_75plus,2022,HARRISON,206.0
prod_75plus,2022,JESSAMINE,151.0
prod_75plus,2022,LINCOLN,221.0
prod_75plus,2022,MADISON,310.0
prod_75plus,2022,MASON,117.0
prod_75plus,2022,MERCER,175.0
prod_75plus,2022,MONTGOMERY,99.0
prod_75plus,2022,NICHOLAS,81.0
prod_75plus,2022,ROBERTSON,29.0
prod_75plus,2022,SCOTT,157.0
prod_75plus,2022,SHELBY,297.0
prod_75plus,2022,SPENCER,116.0
prod_75plus,2022,WASHINGTON,171.0
prod_75plus,2022,WOODFORD,146.0
prod_75plus,2022,BELL,12.0
prod_75plus,2022,BOYD,23.0
prod_75plus,2022,BREATHITT,16.0
prod_75plus,2022,CARTER,114.0
prod_75plus,2022,CLAY,41.0
prod_75plus,2022,ELLIOTT,52.0
prod_75plus,2022,ESTILL,54.0
prod_75plus,2022,FLOYD,12.0
prod_75plus,2022,GREENUP,116.0
prod_75plus,2022,HARLAN,14.0
prod_75plus,2022,JACKSON,61.0
prod_75plus,2022,JOHNSON,12.0
prod_75plus,2022,KNOTT,9.0
prod_75plus,2022,KNOX,67.0
prod_75plus,2022,LAUREL,188.0
prod_75plus,2022,LAWRENCE,49.0
prod_75plus,2022,LEE,10.0
prod_75plus,2022,LESLIE,5.0
prod_75plus,2022,LETCHER,7.0
prod_75plus,2022,LEWIS,87.0
prod_75plus,2022,MCCREARY,41.0
prod_75plus,2022,MAGOFFIN,44.0
prod_75plus,2022,MARTIN,5.0
prod_75plus,2022,MENIFEE,50.0
prod_75plus,2022,MORGAN,80.0
prod_75plus,2022,OWSLEY,11.0
prod_75plus,2022,PERRY,5.0
prod_75plus,2022,PIKE,10.0
prod_75plus,2022,POWELL,34.0
prod_75plus,2022,PULASKI,407.0
prod_75plus,2022,ROCKCASTLE,114.0
prod_75plus,2022,ROWAN,44.0
prod_75plus,2022,WAYNE,138.0
prod_75plus,2022,WHITLEY,82.0
prod_75plus,2022,WOLFE,37.0
prod_le35,2017,BALLARD,57.0
prod_le35,2017,CALLOWAY,123.0
prod_le35,2017,CARLISLE,43.0
prod_le35,2017,FULTON,34.0
prod_le35,2017,GRAVES,176.0
prod_le35,2017,HICKMAN,41.0
prod_le35,2017,LIVINGSTON,44.0
prod_le35,2017,LYON,19.0
prod_le35,2017,MCCRACKEN,42.0
prod_le35,2017,MARSHALL,123.0
prod_le35,2017,TRIGG,96.0
prod_le35,2017,CALDWELL,68.0
prod_le35,2017,CHRISTIAN,325.0
prod_le35,2017,CRITTENDEN,124.0
prod_le35,2017,DAVIESS,162.0
prod_le35,2017,HANCOCK,75.0
prod_le35,2017,HENDERSON,65.0
prod_le35,2017,HOPKINS,106.0
prod_le35,2017,LOGAN,183.0
prod_le35,2017,MCLEAN,78.0
prod_le35,2017,MUHLENBERG,75.0
prod_le35,2017,OHIO,176.0
prod_le35,2017,SIMPSON,73.0
prod_le35,2017,TODD,187.0
prod_le35,2017,UNION,41.0
prod_le35,2017,WEBSTER,84.0
prod_le35,2017,ADAIR,199.0
prod_le35,2017,ALLEN,333.0
prod_le35,2017,BARREN,370.0
prod_le35,2017,BRECKINRIDGE,305.0
prod_le35,2017,BULLITT,81.0
prod_le35,2017,BUTLER,47.0
prod_le35,2017,CASEY,221.0
prod_le35,2017,CLINTON,80.0
prod_le35,2017,CUMBERLAND,79.0
prod_le35,2017,EDMONSON,83.0
prod_le35,2017,GRAYSON,194.0
prod_le35,2017,GREEN,202.0
prod_le35,2017,HARDIN,253.0
prod_le35,2017,HART,298.0
prod_le35,2017,JEFFERSON,31.0
prod_le35,2017,LARUE,114.0
prod_le35,2017,MARION,105.0
prod_le35,2017,MEADE,194.0
prod_le35,2017,METCALFE,203.0
prod_le35,2017,MONROE,170.0
prod_le35,2017,NELSON,266.0
prod_le35,2017,RUSSELL,83.0
prod_le35,2017,TAYLOR,141.0
prod_le35,2017,WARREN,225.0
prod_le35,2017,BOONE,150.0
prod_le35,2017,BRACKEN,116.0
prod_le35,2017,CAMPBELL,110.0
prod_le35,2017,CARROLL,64.0
prod_le35,2017,GALLATIN,49.0
prod_le35,2017,GRANT,167.0
prod_le35,2017,HENRY,112.0
prod_le35,2017,KENTON,74.0
prod_le35,2017,OLDHAM,74.0
prod_le35,2017,OWEN,143.0
prod_le35,2017,PENDLETON,156.0
prod_le35,2017,TRIMBLE,76.0
prod_le35,2017,ANDERSON,142.0
prod_le35,2017,BATH,123.0
prod_le35,2017,BOURBON,151.0
prod_le35,2017,BOYLE,85.0
prod_le35,2017,CLARK,131.0
prod_le35,2017,FAYETTE,81.0
prod_le35,2017,FLEMING,211.0
prod_le35,2017,FRANKLIN,93.0
prod_le35,2017,GARRARD,169.0
prod_le35,2017,HARRISON,245.0
prod_le35,2017,JESSAMINE,89.0
prod_le35,2017,LINCOLN,278.0
prod_le35,2017,MADISON,196.0
prod_le35,2017,MASON,188.0
prod_le35,2017,MERCER,321.0
prod_le35,2017,MONTGOMERY,84.0
prod_le35,2017,NICHOLAS,98.0
prod_le35,2017,ROBERTSON,32.0
prod_le35,2017,SCOTT,152.0
prod_le35,2017,SHELBY,233.0
prod_le35,2017,SPENCER,72.0
prod_le35,2017,WASHINGTON,209.0
prod_le35,2017,WOODFORD,69.0
prod_le35,2017,BELL,16.0
prod_le35,2017,BOYD,16.0
prod_le35,2017,BREATHITT,44.0
prod_le35,2017,CARTER,112.0
prod_le35,2017,CLAY,64.0
prod_le35,2017,ELLIOTT,44.0
prod_le35,2017,ESTILL,83.0
prod_le35,2017,FLOYD,34.0
prod_le35,2017,GREENUP,109.0
prod_le35,2017,HARLAN,4.0
prod_le35,2017,JACKSON,55.0
prod_le35,2017,JOHNSON,33.0
prod_le35,2017,KNOTT,4.0
prod_le35,2017,KNOX,75.0
prod_le35,2017,LAUREL,91.0
prod_le35,2017,LAWRENCE,25.0
prod_le35,2017,LEE,17.0
prod_le35,2017,LESLIE,3.0
prod_le35,2017,LETCHER,28.0
prod_le35,2017,LEWIS,82.0
prod_le35,2017,MCCREARY,17.0
prod_le35,2017,MAGOFFIN,69.0
prod_le35,2017,MARTIN,10.0
prod_le35,2017,MENIFEE,47.0
prod_le35,2017,MORGAN,106.0
prod_le35,2017,OWSLEY,48.0
prod_le35,2017,PERRY,14.0
prod_le35,2017,PIKE,11.0
prod_le35,2017,POWELL,60.0
prod_le35,2017,PULASKI,214.0
prod_le35,2017,ROCKCASTLE,138.0
prod_le35,2017,ROWAN,30.0
prod_le35,2017,WAYNE,125.0
prod_le35,2017,WHITLEY,103.0
prod_le35,2017,WOLFE,72.0
netinc_per_op,2002,BALLARD,21633.0
netinc_per_op,2002,CALLOWAY,20524.0
netinc_per_op,2002,CARLISLE,25364.0
netinc_per_op,2002,FULTON,46055.0
netinc_per_op,2002,GRAVES,33537.0
netinc_per_op,2002,HICKMAN,47941.0
netinc_per_op,2002,LIVINGSTON,3549.0
netinc_per_op,2002,LYON,5772.0
netinc_per_op,2002,MCCRACKEN,6705.0
netinc_per_op,2002,MARSHALL,6681.0
netinc_per_op,2002,TRIGG,14528.0
netinc_per_op,2002,CALDWELL,4956.0
netinc_per_op,2002,CHRISTIAN,20759.0
netinc_per_op,2002,CRITTENDEN,6995.0
netinc_per_op,2002,DAVIESS,15111.0
netinc_per_op,2002,HANCOCK,5199.0
netinc_per_op,2002,HENDERSON,48147.0
netinc_per_op,2002,HOPKINS,8501.0
netinc_per_op,2002,LOGAN,14341.0
netinc_per_op,2002,MCLEAN,50257.0
netinc_per_op,2002,MUHLENBERG,17167.0
netinc_per_op,2002,OHIO,19854.0
netinc_per_op,2002,SIMPSON,25444.0
netinc_per_op,2002,TODD,33062.0
netinc_per_op,2002,UNION,33014.0
netinc_per_op,2002,WEBSTER,36641.0
netinc_per_op,2002,ADAIR,3240.0
netinc_per_op,2002,ALLEN,3893.0
netinc_per_op,2002,BARREN,7280.0
netinc_per_op,2002,BRECKINRIDGE,1318.0
netinc_per_op,2002,BULLITT,-2878.0
netinc_per_op,2002,BUTLER,6877.0
netinc_per_op,2002,CASEY,4017.0
netinc_per_op,2002,CLINTON,5179.0
netinc_per_op,2002,CUMBERLAND,2559.0
netinc_per_op,2002,EDMONSON,5141.0
netinc_per_op,2002,GRAYSON,2927.0
netinc_per_op,2002,GREEN,4700.0
netinc_per_op,2002,HARDIN,2730.0
netinc_per_op,2002,HART,3077.0
netinc_per_op,2002,JEFFERSON,6333.0
netinc_per_op,2002,LARUE,2915.0
netinc_per_op,2002,MARION,5258.0
netinc_per_op,2002,MEADE,1235.0
netinc_per_op,2002,METCALFE,10089.0
netinc_per_op,2002,MONROE,4931.0
netinc_per_op,2002,NELSON,6832.0
netinc_per_op,2002,RUSSELL,-714.0
netinc_per_op,2002,TAYLOR,7286.0
netinc_per_op,2002,WARREN,9243.0
netinc_per_op,2002,BOONE,8734.0
netinc_per_op,2002,BRACKEN,2999.0
netinc_per_op,2002,CAMPBELL,-3280.0
netinc_per_op,2002,CARROLL,7969.0
netinc_per_op,2002,GALLATIN,3912.0
netinc_per_op,2002,GRANT,1485.0
netinc_per_op,2002,HENRY,5444.0
netinc_per_op,2002,KENTON,-639.0
netinc_per_op,2002,OLDHAM,-2969.0
netinc_per_op,2002,OWEN,4535.0
netinc_per_op,2002,PENDLETON,-2015.0
netinc_per_op,2002,TRIMBLE,831.0
netinc_per_op,2002,ANDERSON,-678.0
netinc_per_op,2002,BATH,3537.0
netinc_per_op,2002,BOURBON,35340.0
netinc_per_op,2002,BOYLE,3276.0
netinc_per_op,2002,CLARK,7313.0
netinc_per_op,2002,FAYETTE,100091.0
netinc_per_op,2002,FLEMING,9355.0
netinc_per_op,2002,FRANKLIN,3395.0
netinc_per_op,2002,GARRARD,7272.0
netinc_per_op,2002,HARRISON,6997.0
netinc_per_op,2002,JESSAMINE,24257.0
netinc_per_op,2002,LINCOLN,6365.0
netinc_per_op,2002,MADISON,7538.0
netinc_per_op,2002,MASON,5947.0
netinc_per_op,2002,MERCER,6512.0
netinc_per_op,2002,MONTGOMERY,6180.0
netinc_per_op,2002,NICHOLAS,478.0
netinc_per_op,2002,ROBERTSON,-755.0
netinc_per_op,2002,SCOTT,12266.0
netinc_per_op,2002,SHELBY,3526.0
netinc_per_op,2002,SPENCER,331.0
netinc_per_op,2002,WASHINGTON,2634.0
netinc_per_op,2002,WOODFORD,135142.0
netinc_per_op,2002,BELL,-1893.0
netinc_per_op,2002,BOYD,-2446.0
netinc_per_op,2002,BREATHITT,1372.0
netinc_per_op,2002,CARTER,-47.0
netinc_per_op,2002,CLAY,2508.0
netinc_per_op,2002,ELLIOTT,-1395.0
netinc_per_op,2002,ESTILL,470.0
netinc_per_op,2002,FLOYD,-5584.0
netinc_per_op,2002,GREENUP,1245.0
netinc_per_op,2002,HARLAN,-8284.0
netinc_per_op,2002,JACKSON,2076.0
netinc_per_op,2002,JOHNSON,-410.0
netinc_per_op,2002,KNOTT,-4843.0
netinc_per_op,2002,KNOX,-1671.0
netinc_per_op,2002,LAUREL,3347.0
netinc_per_op,2002,LAWRENCE,-120.0
netinc_per_op,2002,LEE,1281.0
netinc_per_op,2002,LESLIE,-5712.0
netinc_per_op,2002,LETCHER,-1961.0
netinc_per_op,2002,LEWIS,6465.0
netinc_per_op,2002,MCCREARY,-7090.0
netinc_per_op,2002,MAGOFFIN,271.0
netinc_per_op,2002,MARTIN,-5541.0
netinc_per_op,2002,MENIFEE,2152.0
netinc_per_op,2002,MORGAN,2593.0
netinc_per_op,2002,OWSLEY,-94.0
netinc_per_op,2002,PERRY,-403.0
netinc_per_op,2002,PIKE,-3702.0
netinc_per_op,2002,POWELL,439.0
netinc_per_op,2002,PULASKI,3186.0
netinc_per_op,2002,ROCKCASTLE,663.0
netinc_per_op,2002,ROWAN,4019.0
netinc_per_op,2002,WAYNE,17742.0
netinc_per_op,2002,WHITLEY,32.0
netinc_per_op,2002,WOLFE,1163.0
netinc_per_op,2007,BALLARD,34715.0
netinc_per_op,2007,CALLOWAY,16075.0
netinc_per_op,2007,CARLISLE,21644.0
netinc_per_op,2007,FULTON,83286.0
netinc_per_op,2007,GRAVES,45428.0
netinc_per_op,2007,HICKMAN,104869.0
netinc_per_op,2007,LIVINGSTON,6152.0
netinc_per_op,2007,LYON,5715.0
netinc_per_op,2007,MCCRACKEN,11489.0
netinc_per_op,2007,MARSHALL,5315.0
netinc_per_op,2007,TRIGG,12395.0
netinc_per_op,2007,CALDWELL,8417.0
netinc_per_op,2007,CHRISTIAN,21001.0
netinc_per_op,2007,CRITTENDEN,6312.0
netinc_per_op,2007,DAVIESS,42834.0
netinc_per_op,2007,HANCOCK,9712.0
netinc_per_op,2007,HENDERSON,57366.0
netinc_per_op,2007,HOPKINS,27778.0
netinc_per_op,2007,LOGAN,18938.0
netinc_per_op,2007,MCLEAN,113398.0
netinc_per_op,2007,MUHLENBERG,25418.0
netinc_per_op,2007,OHIO,18082.0
netinc_per_op,2007,SIMPSON,41477.0
netinc_per_op,2007,TODD,72382.0
netinc_per_op,2007,UNION,101364.0
netinc_per_op,2007,WEBSTER,53989.0
netinc_per_op,2007,ADAIR,8284.0
netinc_per_op,2007,ALLEN,2514.0
netinc_per_op,2007,BARREN,13817.0
netinc_per_op,2007,BRECKINRIDGE,10643.0
netinc_per_op,2007,BULLITT,-918.0
netinc_per_op,2007,BUTLER,7724.0
netinc_per_op,2007,CASEY,5292.0
netinc_per_op,2007,CLINTON,9368.0
netinc_per_op,2007,CUMBERLAND,2976.0
netinc_per_op,2007,EDMONSON,2930.0
netinc_per_op,2007,GRAYSON,5811.0
netinc_per_op,2007,GREEN,11354.0
netinc_per_op,2007,HARDIN,5588.0
netinc_per_op,2007,HART,4462.0
netinc_per_op,2007,JEFFERSON,96.0
netinc_per_op,2007,LARUE,6779.0
netinc_per_op,2007,MARION,10807.0
netinc_per_op,2007,MEADE,5797.0
netinc_per_op,2007,METCALFE,7197.0
netinc_per_op,2007,MONROE,11995.0
netinc_per_op,2007,NELSON,8339.0
netinc_per_op,2007,RUSSELL,10601.0
netinc_per_op,2007,TAYLOR,6070.0
netinc_per_op,2007,WARREN,7614.0
netinc_per_op,2007,BOONE,3909.0
netinc_per_op,2007,BRACKEN,4170.0
netinc_per_op,2007,CAMPBELL,-1248.0
netinc_per_op,2007,CARROLL,2428.0
netinc_per_op,2007,GALLATIN,4009.0
netinc_per_op,2007,GRANT,-531.0
netinc_per_op,2007,HENRY,7463.0
netinc_per_op,2007,KENTON,-383.0
netinc_per_op,2007,OLDHAM,6815.0
netinc_per_op,2007,OWEN,4201.0
netinc_per_op,2007,PENDLETON,1815.0
netinc_per_op,2007,TRIMBLE,2266.0
netinc_per_op,2007,ANDERSON,520.0
netinc_per_op,2007,BATH,6871.0
netinc_per_op,2007,BOURBON,70915.0
netinc_per_op,2007,BOYLE,1879.0
netinc_per_op,2007,CLARK,10041.0
netinc_per_op,2007,FAYETTE,168566.0
netinc_per_op,2007,FLEMING,6010.0
netinc_per_op,2007,FRANKLIN,458.0
netinc_per_op,2007,GARRARD,7312.0
netinc_per_op,2007,HARRISON,4828.0
netinc_per_op,2007,JESSAMINE,64614.0
netinc_per_op,2007,LINCOLN,6199.0
netinc_per_op,2007,MADISON,2358.0
netinc_per_op,2007,MASON,13652.0
netinc_per_op,2007,MERCER,1635.0
netinc_per_op,2007,MONTGOMERY,7514.0
netinc_per_op,2007,NICHOLAS,4736.0
netinc_per_op,2007,ROBERTSON,2987.0
netinc_per_op,2007,SCOTT,35373.0
netinc_per_op,2007,SHELBY,5376.0
netinc_per_op,2007,SPENCER,1205.0
netinc_per_op,2007,WASHINGTON,9776.0
netinc_per_op,2007,WOODFORD,175212.0
netinc_per_op,2007,BELL,-4748.0
netinc_per_op,2007,BOYD,-8439.0
netinc_per_op,2007,BREATHITT,-601.0
netinc_per_op,2007,CARTER,-1344.0
netinc_per_op,2007,CLAY,1015.0
netinc_per_op,2007,ELLIOTT,-1095.0
netinc_per_op,2007,ESTILL,342.0
netinc_per_op,2007,FLOYD,-2259.0
netinc_per_op,2007,GREENUP,-2905.0
netinc_per_op,2007,HARLAN,-8213.0
netinc_per_op,2007,JACKSON,-715.0
netinc_per_op,2007,JOHNSON,-2800.0
netinc_per_op,2007,KNOTT,-6040.0
netinc_per_op,2007,KNOX,-2375.0
netinc_per_op,2007,LAUREL,574.0
netinc_per_op,2007,LAWRENCE,-2276.0
netinc_per_op,2007,LEE,-835.0
netinc_per_op,2007,LESLIE,
netinc_per_op,2007,LETCHER,-3696.0
netinc_per_op,2007,LEWIS,4723.0
netinc_per_op,2007,MCCREARY,-4002.0
netinc_per_op,2007,MAGOFFIN,-3019.0
netinc_per_op,2007,MARTIN,
netinc_per_op,2007,MENIFEE,-480.0
netinc_per_op,2007,MORGAN,-1061.0
netinc_per_op,2007,OWSLEY,-2056.0
netinc_per_op,2007,PERRY,-2874.0
netinc_per_op,2007,PIKE,-4313.0
netinc_per_op,2007,POWELL,-1090.0
netinc_per_op,2007,PULASKI,3644.0
netinc_per_op,2007,ROCKCASTLE,1484.0
netinc_per_op,2007,ROWAN,1426.0
netinc_per_op,2007,WAYNE,17924.0
netinc_per_op,2007,WHITLEY,-794.0
netinc_per_op,2007,WOLFE,-1015.0
netinc_per_op,2012,BALLARD,38009.0
netinc_per_op,2012,CALLOWAY,41333.0
netinc_per_op,2012,CARLISLE,56701.0
netinc_per_op,2012,FULTON,94875.0
netinc_per_op,2012,GRAVES,55674.0
netinc_per_op,2012,HICKMAN,143412.0
netinc_per_op,2012,LIVINGSTON,3373.0
netinc_per_op,2012,LYON,4888.0
netinc_per_op,2012,MCCRACKEN,13368.0
netinc_per_op,2012,MARSHALL,8569.0
netinc_per_op,2012,TRIGG,29980.0
netinc_per_op,2012,CALDWELL,9009.0
netinc_per_op,2012,CHRISTIAN,42425.0
netinc_per_op,2012,CRITTENDEN,13159.0
netinc_per_op,2012,DAVIESS,72164.0
netinc_per_op,2012,HANCOCK,12756.0
netinc_per_op,2012,HENDERSON,58707.0
netinc_per_op,2012,HOPKINS,35326.0
netinc_per_op,2012,LOGAN,38600.0
netinc_per_op,2012,MCLEAN,130119.0
netinc_per_op,2012,MUHLENBERG,33533.0
netinc_per_op,2012,OHIO,28806.0
netinc_per_op,2012,SIMPSON,53090.0
netinc_per_op,2012,TODD,94560.0
netinc_per_op,2012,UNION,83894.0
netinc_per_op,2012,WEBSTER,66325.0
netinc_per_op,2012,ADAIR,4287.0
netinc_per_op,2012,ALLEN,6874.0
netinc_per_op,2012,BARREN,8686.0
netinc_per_op,2012,BRECKINRIDGE,16590.0
netinc_per_op,2012,BULLITT,-1848.0
netinc_per_op,2012,BUTLER,22161.0
netinc_per_op,2012,CASEY,718.0
netinc_per_op,2012,CLINTON,6936.0
netinc_per_op,2012,CUMBERLAND,5530.0
netinc_per_op,2012,EDMONSON,-1297.0
netinc_per_op,2012,GRAYSON,5207.0
netinc_per_op,2012,GREEN,7621.0
netinc_per_op,2012,HARDIN,6552.0
netinc_per_op,2012,HART,2563.0
netinc_per_op,2012,JEFFERSON,-6555.0
netinc_per_op,2012,LARUE,9832.0
netinc_per_op,2012,MARION,3210.0
netinc_per_op,2012,MEADE,9307.0
netinc_per_op,2012,METCALFE,5727.0
netinc_per_op,2012,MONROE,14042.0
netinc_per_op,2012,NELSON,4136.0
netinc_per_op,2012,RUSSELL,3079.0
netinc_per_op,2012,TAYLOR,8692.0
netinc_per_op,2012,WARREN,15413.0
netinc_per_op,2012,BOONE,-3216.0
netinc_per_op,2012,BRACKEN,162.0
netinc_per_op,2012,CAMPBELL,-1929.0
netinc_per_op,2012,CARROLL,4873.0
netinc_per_op,2012,GALLATIN,2790.0
netinc_per_op,2012,GRANT,-756.0
netinc_per_op,2012,HENRY,4449.0
netinc_per_op,2012,KENTON,-7545.0
netinc_per_op,2012,OLDHAM,-3809.0
netinc_per_op,2012,OWEN,4025.0
netinc_per_op,2012,PENDLETON,967.0
netinc_per_op,2012,TRIMBLE,2393.0
netinc_per_op,2012,ANDERSON,-987.0
netinc_per_op,2012,BATH,2233.0
netinc_per_op,2012,BOURBON,501.0
netinc_per_op,2012,BOYLE,-2303.0
netinc_per_op,2012,CLARK,-389.0
netinc_per_op,2012,FAYETTE,1015.0
netinc_per_op,2012,FLEMING,7079.0
netinc_per_op,2012,FRANKLIN,-3388.0
netinc_per_op,2012,GARRARD,4624.0
netinc_per_op,2012,HARRISON,2620.0
netinc_per_op,2012,JESSAMINE,1855.0
netinc_per_op,2012,LINCOLN,821.0
netinc_per_op,2012,MADISON,2239.0
netinc_per_op,2012,MASON,12443.0
netinc_per_op,2012,MERCER,1324.0
netinc_per_op,2012,MONTGOMERY,-1272.0
netinc_per_op,2012,NICHOLAS,3347.0
netinc_per_op,2012,ROBERTSON,-553.0
netinc_per_op,2012,SCOTT,-3575.0
netinc_per_op,2012,SHELBY,7156.0
netinc_per_op,2012,SPENCER,3524.0
netinc_per_op,2012,WASHINGTON,5873.0
netinc_per_op,2012,WOODFORD,-18561.0
netinc_per_op,2012,BELL,-3371.0
netinc_per_op,2012,BOYD,-6096.0
netinc_per_op,2012,BREATHITT,643.0
netinc_per_op,2012,CARTER,-3661.0
netinc_per_op,2012,CLAY,-3587.0
netinc_per_op,2012,ELLIOTT,1535.0
netinc_per_op,2012,ESTILL,-4187.0
netinc_per_op,2012,FLOYD,-1883.0
netinc_per_op,2012,GREENUP,-2030.0
netinc_per_op,2012,HARLAN,-7113.0
netinc_per_op,2012,JACKSON,-4946.0
netinc_per_op,2012,JOHNSON,-5074.0
netinc_per_op,2012,KNOTT,-10850.0
netinc_per_op,2012,KNOX,-4959.0
netinc_per_op,2012,LAUREL,-2279.0
netinc_per_op,2012,LAWRENCE,-2658.0
netinc_per_op,2012,LEE,-2537.0
netinc_per_op,2012,LESLIE,-5932.0
netinc_per_op,2012,LETCHER,-1635.0
netinc_per_op,2012,LEWIS,5200.0
netinc_per_op,2012,MCCREARY,-4528.0
netinc_per_op,2012,MAGOFFIN,-4332.0
netinc_per_op,2012,MARTIN,-34818.0
netinc_per_op,2012,MENIFEE,-1668.0
netinc_per_op,2012,MORGAN,-2114.0
netinc_per_op,2012,OWSLEY,-686.0
netinc_per_op,2012,PERRY,8433.0
netinc_per_op,2012,PIKE,-18578.0
netinc_per_op,2012,POWELL,-2792.0
netinc_per_op,2012,PULASKI,2024.0
netinc_per_op,2012,ROCKCASTLE,134.0
netinc_per_op,2012,ROWAN,-946.0
netinc_per_op,2012,WAYNE,-797.0
netinc_per_op,2012,WHITLEY,-4301.0
netinc_per_op,2012,WOLFE,-1233.0
netinc_per_op,2017,BALLARD,97851.0
netinc_per_op,2017,CALLOWAY,51662.0
netinc_per_op,2017,CARLISLE,93570.0
netinc_per_op,2017,FULTON,154367.0
netinc_per_op,2017,GRAVES,120540.0
netinc_per_op,2017,HICKMAN,271082.0
netinc_per_op,2017,LIVINGSTON,17042.0
netinc_per_op,2017,LYON,5542.0
netinc_per_op,2017,MCCRACKEN,25756.0
netinc_per_op,2017,MARSHALL,14195.0
netinc_per_op,2017,TRIGG,38521.0
netinc_per_op,2017,CALDWELL,14983.0
netinc_per_op,2017,CHRISTIAN,61480.0
netinc_per_op,2017,CRITTENDEN,22320.0
netinc_per_op,2017,DAVIESS,68540.0
netinc_per_op,2017,HANCOCK,11651.0
netinc_per_op,2017,HENDERSON,85374.0
netinc_per_op,2017,HOPKINS,76450.0
netinc_per_op,2017,LOGAN,35609.0
netinc_per_op,2017,MCLEAN,160093.0
netinc_per_op,2017,MUHLENBERG,52962.0
netinc_per_op,2017,OHIO,61610.0
netinc_per_op,2017,SIMPSON,56710.0
netinc_per_op,2017,TODD,91003.0
netinc_per_op,2017,UNION,123935.0
netinc_per_op,2017,WEBSTER,124992.0
netinc_per_op,2017,ADAIR,16291.0
netinc_per_op,2017,ALLEN,11914.0
netinc_per_op,2017,BARREN,15235.0
netinc_per_op,2017,BRECKINRIDGE,23659.0
netinc_per_op,2017,BULLITT,-3990.0
netinc_per_op,2017,BUTLER,29439.0
netinc_per_op,2017,CASEY,5445.0
netinc_per_op,2017,CLINTON,27208.0
netinc_per_op,2017,CUMBERLAND,6752.0
netinc_per_op,2017,EDMONSON,14067.0
netinc_per_op,2017,GRAYSON,11490.0
netinc_per_op,2017,GREEN,14976.0
netinc_per_op,2017,HARDIN,8303.0
netinc_per_op,2017,HART,6346.0
netinc_per_op,2017,JEFFERSON,-4475.0
netinc_per_op,2017,LARUE,13358.0
netinc_per_op,2017,MARION,10903.0
netinc_per_op,2017,MEADE,11978.0
netinc_per_op,2017,METCALFE,9495.0
netinc_per_op,2017,MONROE,42627.0
netinc_per_op,2017,NELSON,6921.0
netinc_per_op,2017,RUSSELL,8336.0
netinc_per_op,2017,TAYLOR,14429.0
netinc_per_op,2017,WARREN,16440.0
netinc_per_op,2017,BOONE,3448.0
netinc_per_op,2017,BRACKEN,1743.0
netinc_per_op,2017,CAMPBELL,292.0
netinc_per_op,2017,CARROLL,1213.0
netinc_per_op,2017,GALLATIN,7777.0
netinc_per_op,2017,GRANT,-3118.0
netinc_per_op,2017,HENRY,5496.0
netinc_per_op,2017,KENTON,-790.0
netinc_per_op,2017,OLDHAM,-835.0
netinc_per_op,2017,OWEN,2282.0
netinc_per_op,2017,PENDLETON,-1400.0
netinc_per_op,2017,TRIMBLE,5520.0
netinc_per_op,2017,ANDERSON,-3238.0
netinc_per_op,2017,BATH,4347.0
netinc_per_op,2017,BOURBON,75422.0
netinc_per_op,2017,BOYLE,3437.0
netinc_per_op,2017,CLARK,842.0
netinc_per_op,2017,FAYETTE,95034.0
netinc_per_op,2017,FLEMING,6862.0
netinc_per_op,2017,FRANKLIN,3298.0
netinc_per_op,2017,GARRARD,1947.0
netinc_per_op,2017,HARRISON,1754.0
netinc_per_op,2017,JESSAMINE,76164.0
netinc_per_op,2017,LINCOLN,10855.0
netinc_per_op,2017,MADISON,4567.0
netinc_per_op,2017,MASON,11223.0
netinc_per_op,2017,MERCER,2691.0
netinc_per_op,2017,MONTGOMERY,2541.0
netinc_per_op,2017,NICHOLAS,10308.0
netinc_per_op,2017,ROBERTSON,1134.0
netinc_per_op,2017,SCOTT,6600.0
netinc_per_op,2017,SHELBY,5124.0
netinc_per_op,2017,SPENCER,6617.0
netinc_per_op,2017,WASHINGTON,4607.0
netinc_per_op,2017,WOODFORD,33512.0
netinc_per_op,2017,BELL,-7385.0
netinc_per_op,2017,BOYD,-6012.0
netinc_per_op,2017,BREATHITT,-6611.0
netinc_per_op,2017,CARTER,-2411.0
netinc_per_op,2017,CLAY,4085.0
netinc_per_op,2017,ELLIOTT,187.0
netinc_per_op,2017,ESTILL,-1379.0
netinc_per_op,2017,FLOYD,1882.0
netinc_per_op,2017,GREENUP,-1065.0
netinc_per_op,2017,HARLAN,-2529.0
netinc_per_op,2017,JACKSON,-1222.0
netinc_per_op,2017,JOHNSON,-6565.0
netinc_per_op,2017,KNOTT,-4501.0
netinc_per_op,2017,KNOX,-3887.0
netinc_per_op,2017,LAUREL,167.0
netinc_per_op,2017,LAWRENCE,-2088.0
netinc_per_op,2017,LEE,-1335.0
netinc_per_op,2017,LESLIE,-2914.0
netinc_per_op,2017,LETCHER,-2361.0
netinc_per_op,2017,LEWIS,2906.0
netinc_per_op,2017,MCCREARY,-3512.0
netinc_per_op,2017,MAGOFFIN,-4101.0
netinc_per_op,2017,MARTIN,-2850.0
netinc_per_op,2017,MENIFEE,-1677.0
netinc_per_op,2017,MORGAN,-158.0
netinc_per_op,2017,OWSLEY,-1301.0
netinc_per_op,2017,PERRY,-4949.0
netinc_per_op,2017,PIKE,-4029.0
netinc_per_op,2017,POWELL,-700.0
netinc_per_op,2017,PULASKI,4327.0
netinc_per_op,2017,ROCKCASTLE,-1846.0
netinc_per_op,2017,ROWAN,-5082.0
netinc_per_op,2017,WAYNE,25362.0
netinc_per_op,2017,WHITLEY,-93.0
netinc_per_op,2017,WOLFE,-1569.0
netinc_per_op,2022,BALLARD,134576.0
netinc_per_op,2022,CALLOWAY,52669.0
netinc_per_op,2022,CARLISLE,201482.0
netinc_per_op,2022,FULTON,179645.0
netinc_per_op,2022,GRAVES,188821.0
netinc_per_op,2022,HICKMAN,412080.0
netinc_per_op,2022,LIVINGSTON,47257.0
netinc_per_op,2022,LYON,20315.0
netinc_per_op,2022,MCCRACKEN,27127.0
netinc_per_op,2022,MARSHALL,20530.0
netinc_per_op,2022,TRIGG,42340.0
netinc_per_op,2022,CALDWELL,41932.0
netinc_per_op,2022,CHRISTIAN,69408.0
netinc_per_op,2022,CRITTENDEN,64658.0
netinc_per_op,2022,DAVIESS,121450.0
netinc_per_op,2022,HANCOCK,14014.0
netinc_per_op,2022,HENDERSON,127987.0
netinc_per_op,2022,HOPKINS,113431.0
netinc_per_op,2022,LOGAN,70582.0
netinc_per_op,2022,MCLEAN,369362.0
netinc_per_op,2022,MUHLENBERG,79575.0
netinc_per_op,2022,OHIO,86529.0
netinc_per_op,2022,SIMPSON,81530.0
netinc_per_op,2022,TODD,144520.0
netinc_per_op,2022,UNION,225103.0
netinc_per_op,2022,WEBSTER,220967.0
netinc_per_op,2022,ADAIR,28584.0
netinc_per_op,2022,ALLEN,15434.0
netinc_per_op,2022,BARREN,29988.0
netinc_per_op,2022,BRECKINRIDGE,33462.0
netinc_per_op,2022,BULLITT,4909.0
netinc_per_op,2022,BUTLER,32861.0
netinc_per_op,2022,CASEY,15013.0
netinc_per_op,2022,CLINTON,52300.0
netinc_per_op,2022,CUMBERLAND,3117.0
netinc_per_op,2022,EDMONSON,19267.0
netinc_per_op,2022,GRAYSON,14844.0
netinc_per_op,2022,GREEN,28042.0
netinc_per_op,2022,HARDIN,17434.0
netinc_per_op,2022,HART,8466.0
netinc_per_op,2022,JEFFERSON,97.0
netinc_per_op,2022,LARUE,24642.0
netinc_per_op,2022,MARION,23104.0
netinc_per_op,2022,MEADE,8967.0
netinc_per_op,2022,METCALFE,14124.0
netinc_per_op,2022,MONROE,53423.0
netinc_per_op,2022,NELSON,15408.0
netinc_per_op,2022,RUSSELL,23567.0
netinc_per_op,2022,TAYLOR,26179.0
netinc_per_op,2022,WARREN,31452.0
netinc_per_op,2022,BOONE,-7902.0
netinc_per_op,2022,BRACKEN,893.0
netinc_per_op,2022,CAMPBELL,-3477.0
netinc_per_op,2022,CARROLL,1944.0
netinc_per_op,2022,GALLATIN,29251.0
netinc_per_op,2022,GRANT,-4898.0
netinc_per_op,2022,HENRY,6066.0
netinc_per_op,2022,KENTON,-5402.0
netinc_per_op,2022,OLDHAM,6868.0
netinc_per_op,2022,OWEN,3404.0
netinc_per_op,2022,PENDLETON,-2317.0
netinc_per_op,2022,TRIMBLE,-369.0
netinc_per_op,2022,ANDERSON,-2936.0
netinc_per_op,2022,BATH,7023.0
netinc_per_op,2022,BOURBON,114348.0
netinc_per_op,2022,BOYLE,29405.0
netinc_per_op,2022,CLARK,5450.0
netinc_per_op,2022,FAYETTE,181481.0
netinc_per_op,2022,FLEMING,7451.0
netinc_per_op,2022,FRANKLIN,4461.0
netinc_per_op,2022,GARRARD,1207.0
netinc_per_op,2022,HARRISON,3034.0
netinc_per_op,2022,JESSAMINE,55639.0
netinc_per_op,2022,LINCOLN,21000.0
netinc_per_op,2022,MADISON,-1552.0
netinc_per_op,2022,MASON,13500.0
netinc_per_op,2022,MERCER,10674.0
netinc_per_op,2022,MONTGOMERY,3920.0
netinc_per_op,2022,NICHOLAS,9350.0
netinc_per_op,2022,ROBERTSON,2072.0
netinc_per_op,2022,SCOTT,25940.0
netinc_per_op,2022,SHELBY,10765.0
netinc_per_op,2022,SPENCER,2012.0
netinc_per_op,2022,WASHINGTON,4990.0
netinc_per_op,2022,WOODFORD,113923.0
netinc_per_op,2022,BELL,3364.0
netinc_per_op,2022,BOYD,-9168.0
netinc_per_op,2022,BREATHITT,-412.0
netinc_per_op,2022,CARTER,-1564.0
netinc_per_op,2022,CLAY,2451.0
netinc_per_op,2022,ELLIOTT,-569.0
netinc_per_op,2022,ESTILL,-281.0
netinc_per_op,2022,FLOYD,-7048.0
netinc_per_op,2022,GREENUP,-5744.0
netinc_per_op,2022,HARLAN,-2505.0
netinc_per_op,2022,JACKSON,-3213.0
netinc_per_op,2022,JOHNSON,-2798.0
netinc_per_op,2022,KNOTT,-4009.0
netinc_per_op,2022,KNOX,-5900.0
netinc_per_op,2022,LAUREL,-3269.0
netinc_per_op,2022,LAWRENCE,-2243.0
netinc_per_op,2022,LEE,-8778.0
netinc_per_op,2022,LESLIE,-11222.0
netinc_per_op,2022,LETCHER,-2855.0
netinc_per_op,2022,LEWIS,8182.0
netinc_per_op,2022,MCCREARY,-2583.0
netinc_per_op,2022,MAGOFFIN,-4967.0
netinc_per_op,2022,MARTIN,-5253.0
netinc_per_op,2022,MENIFEE,1443.0
netinc_per_op,2022,MORGAN,-511.0
netinc_per_op,2022,OWSLEY,-1717.0
netinc_per_op,2022,PERRY,-1308.0
netinc_per_op,2022,PIKE,-7686.0
netinc_per_op,2022,POWELL,9498.0
netinc_per_op,2022,PULASKI,5885.0
netinc_per_op,2022,ROCKCASTLE,35.0
netinc_per_op,2022,ROWAN,-2427.0
netinc_per_op,2022,WAYNE,35714.0
netinc_per_op,2022,WHITLEY,-2887.0
netinc_per_op,2022,WOLFE,-3108.0
ops_loss,2002,BALLARD,140.0
ops_loss,2002,CALLOWAY,402.0
ops_loss,2002,CARLISLE,118.0
ops_loss,2002,FULTON,53.0
ops_loss,2002,GRAVES,527.0
ops_loss,2002,HICKMAN,159.0
ops_loss,2002,LIVINGSTON,267.0
ops_loss,2002,LYON,115.0
ops_loss,2002,MCCRACKEN,215.0
ops_loss,2002,MARSHALL,422.0
ops_loss,2002,TRIGG,118.0
ops_loss,2002,CALDWELL,277.0
ops_loss,2002,CHRISTIAN,384.0
ops_loss,2002,CRITTENDEN,296.0
ops_loss,2002,DAVIESS,480.0
ops_loss,2002,HANCOCK,169.0
ops_loss,2002,HENDERSON,268.0
ops_loss,2002,HOPKINS,326.0
ops_loss,2002,LOGAN,466.0
ops_loss,2002,MCLEAN,158.0
ops_loss,2002,MUHLENBERG,257.0
ops_loss,2002,OHIO,500.0
ops_loss,2002,SIMPSON,284.0
ops_loss,2002,TODD,149.0
ops_loss,2002,UNION,151.0
ops_loss,2002,WEBSTER,241.0
ops_loss,2002,ADAIR,694.0
ops_loss,2002,ALLEN,584.0
ops_loss,2002,BARREN,936.0
ops_loss,2002,BRECKINRIDGE,704.0
ops_loss,2002,BULLITT,431.0
ops_loss,2002,BUTLER,337.0
ops_loss,2002,CASEY,649.0
ops_loss,2002,CLINTON,291.0
ops_loss,2002,CUMBERLAND,219.0
ops_loss,2002,EDMONSON,279.0
ops_loss,2002,GRAYSON,731.0
ops_loss,2002,GREEN,465.0
ops_loss,2002,HARDIN,910.0
ops_loss,2002,HART,697.0
ops_loss,2002,JEFFERSON,360.0
ops_loss,2002,LARUE,526.0
ops_loss,2002,MARION,558.0
ops_loss,2002,MEADE,586.0
ops_loss,2002,METCALFE,389.0
ops_loss,2002,MONROE,509.0
ops_loss,2002,NELSON,641.0
ops_loss,2002,RUSSELL,502.0
ops_loss,2002,TAYLOR,345.0
ops_loss,2002,WARREN,1002.0
ops_loss,2002,BOONE,353.0
ops_loss,2002,BRACKEN,336.0
ops_loss,2002,CAMPBELL,357.0
ops_loss,2002,CARROLL,177.0
ops_loss,2002,GALLATIN,125.0
ops_loss,2002,GRANT,489.0
ops_loss,2002,HENRY,390.0
ops_loss,2002,KENTON,288.0
ops_loss,2002,OLDHAM,340.0
ops_loss,2002,OWEN,350.0
ops_loss,2002,PENDLETON,544.0
ops_loss,2002,TRIMBLE,297.0
ops_loss,2002,ANDERSON,430.0
ops_loss,2002,BATH,298.0
ops_loss,2002,BOURBON,435.0
ops_loss,2002,BOYLE,351.0
ops_loss,2002,CLARK,418.0
ops_loss,2002,FAYETTE,354.0
ops_loss,2002,FLEMING,350.0
ops_loss,2002,FRANKLIN,389.0
ops_loss,2002,GARRARD,358.0
ops_loss,2002,HARRISON,471.0
ops_loss,2002,JESSAMINE,308.0
ops_loss,2002,LINCOLN,529.0
ops_loss,2002,MADISON,619.0
ops_loss,2002,MASON,346.0
ops_loss,2002,MERCER,604.0
ops_loss,2002,MONTGOMERY,364.0
ops_loss,2002,NICHOLAS,328.0
ops_loss,2002,ROBERTSON,147.0
ops_loss,2002,SCOTT,413.0
ops_loss,2002,SHELBY,814.0
ops_loss,2002,SPENCER,352.0
ops_loss,2002,WASHINGTON,518.0
ops_loss,2002,WOODFORD,357.0
ops_loss,2002,BELL,42.0
ops_loss,2002,BOYD,198.0
ops_loss,2002,BREATHITT,108.0
ops_loss,2002,CARTER,569.0
ops_loss,2002,CLAY,127.0
ops_loss,2002,ELLIOTT,192.0
ops_loss,2002,ESTILL,222.0
ops_loss,2002,FLOYD,51.0
ops_loss,2002,GREENUP,353.0
ops_loss,2002,HARLAN,18.0
ops_loss,2002,JACKSON,282.0
ops_loss,2002,JOHNSON,121.0
ops_loss,2002,KNOTT,19.0
ops_loss,2002,KNOX,231.0
ops_loss,2002,LAUREL,504.0
ops_loss,2002,LAWRENCE,157.0
ops_loss,2002,LEE,96.0
ops_loss,2002,LESLIE,10.0
ops_loss,2002,LETCHER,33.0
ops_loss,2002,LEWIS,302.0
ops_loss,2002,MCCREARY,107.0
ops_loss,2002,MAGOFFIN,202.0
ops_loss,2002,MARTIN,8.0
ops_loss,2002,MENIFEE,157.0
ops_loss,2002,MORGAN,322.0
ops_loss,2002,OWSLEY,103.0
ops_loss,2002,PERRY,25.0
ops_loss,2002,PIKE,38.0
ops_loss,2002,POWELL,111.0
ops_loss,2002,PULASKI,1069.0
ops_loss,2002,ROCKCASTLE,427.0
ops_loss,2002,ROWAN,145.0
ops_loss,2002,WAYNE,494.0
ops_loss,2002,WHITLEY,334.0
ops_loss,2002,WOLFE,158.0
ops_loss,2007,BALLARD,214.0
ops_loss,2007,CALLOWAY,389.0
ops_loss,2007,CARLISLE,157.0
ops_loss,2007,FULTON,37.0
ops_loss,2007,GRAVES,562.0
ops_loss,2007,HICKMAN,85.0
ops_loss,2007,LIVINGSTON,237.0
ops_loss,2007,LYON,116.0
ops_loss,2007,MCCRACKEN,232.0
ops_loss,2007,MARSHALL,394.0
ops_loss,2007,TRIGG,190.0
ops_loss,2007,CALDWELL,253.0
ops_loss,2007,CHRISTIAN,476.0
ops_loss,2007,CRITTENDEN,346.0
ops_loss,2007,DAVIESS,431.0
ops_loss,2007,HANCOCK,188.0
ops_loss,2007,HENDERSON,194.0
ops_loss,2007,HOPKINS,322.0
ops_loss,2007,LOGAN,523.0
ops_loss,2007,MCLEAN,121.0
ops_loss,2007,MUHLENBERG,292.0
ops_loss,2007,OHIO,549.0
ops_loss,2007,SIMPSON,252.0
ops_loss,2007,TODD,265.0
ops_loss,2007,UNION,101.0
ops_loss,2007,WEBSTER,217.0
ops_loss,2007,ADAIR,774.0
ops_loss,2007,ALLEN,599.0
ops_loss,2007,BARREN,1129.0
ops_loss,2007,BRECKINRIDGE,703.0
ops_loss,2007,BULLITT,320.0
ops_loss,2007,BUTLER,376.0
ops_loss,2007,CASEY,673.0
ops_loss,2007,CLINTON,291.0
ops_loss,2007,CUMBERLAND,271.0
ops_loss,2007,EDMONSON,412.0
ops_loss,2007,GRAYSON,793.0
ops_loss,2007,GREEN,471.0
ops_loss,2007,HARDIN,926.0
ops_loss,2007,HART,800.0
ops_loss,2007,JEFFERSON,320.0
ops_loss,2007,LARUE,435.0
ops_loss,2007,MARION,498.0
ops_loss,2007,MEADE,475.0
ops_loss,2007,METCALFE,457.0
ops_loss,2007,MONROE,452.0
ops_loss,2007,NELSON,763.0
ops_loss,2007,RUSSELL,385.0
ops_loss,2007,TAYLOR,491.0
ops_loss,2007,WARREN,1042.0
ops_loss,2007,BOONE,448.0
ops_loss,2007,BRACKEN,315.0
ops_loss,2007,CAMPBELL,374.0
ops_loss,2007,CARROLL,187.0
ops_loss,2007,GALLATIN,112.0
ops_loss,2007,GRANT,626.0
ops_loss,2007,HENRY,478.0
ops_loss,2007,KENTON,322.0
ops_loss,2007,OLDHAM,303.0
ops_loss,2007,OWEN,471.0
ops_loss,2007,PENDLETON,563.0
ops_loss,2007,TRIMBLE,291.0
ops_loss,2007,ANDERSON,433.0
ops_loss,2007,BATH,368.0
ops_loss,2007,BOURBON,506.0
ops_loss,2007,BOYLE,393.0
ops_loss,2007,CLARK,501.0
ops_loss,2007,FAYETTE,493.0
ops_loss,2007,FLEMING,564.0
ops_loss,2007,FRANKLIN,377.0
ops_loss,2007,GARRARD,431.0
ops_loss,2007,HARRISON,580.0
ops_loss,2007,JESSAMINE,402.0
ops_loss,2007,LINCOLN,650.0
ops_loss,2007,MADISON,729.0
ops_loss,2007,MASON,316.0
ops_loss,2007,MERCER,698.0
ops_loss,2007,MONTGOMERY,349.0
ops_loss,2007,NICHOLAS,316.0
ops_loss,2007,ROBERTSON,156.0
ops_loss,2007,SCOTT,541.0
ops_loss,2007,SHELBY,945.0
ops_loss,2007,SPENCER,335.0
ops_loss,2007,WASHINGTON,596.0
ops_loss,2007,WOODFORD,363.0
ops_loss,2007,BELL,51.0
ops_loss,2007,BOYD,200.0
ops_loss,2007,BREATHITT,143.0
ops_loss,2007,CARTER,571.0
ops_loss,2007,CLAY,208.0
ops_loss,2007,ELLIOTT,299.0
ops_loss,2007,ESTILL,264.0
ops_loss,2007,FLOYD,50.0
ops_loss,2007,GREENUP,473.0
ops_loss,2007,HARLAN,32.0
ops_loss,2007,JACKSON,409.0
ops_loss,2007,JOHNSON,138.0
ops_loss,2007,KNOTT,43.0
ops_loss,2007,KNOX,271.0
ops_loss,2007,LAUREL,618.0
ops_loss,2007,LAWRENCE,231.0
ops_loss,2007,LEE,117.0
ops_loss,2007,LESLIE,19.0
ops_loss,2007,LETCHER,51.0
ops_loss,2007,LEWIS,305.0
ops_loss,2007,MCCREARY,105.0
ops_loss,2007,MAGOFFIN,364.0
ops_loss,2007,MARTIN,17.0
ops_loss,2007,MENIFEE,194.0
ops_loss,2007,MORGAN,497.0
ops_loss,2007,OWSLEY,127.0
ops_loss,2007,PERRY,41.0
ops_loss,2007,PIKE,56.0
ops_loss,2007,POWELL,164.0
ops_loss,2007,PULASKI,946.0
ops_loss,2007,ROCKCASTLE,415.0
ops_loss,2007,ROWAN,234.0
ops_loss,2007,WAYNE,423.0
ops_loss,2007,WHITLEY,365.0
ops_loss,2007,WOLFE,221.0
ops_loss,2012,BALLARD,171.0
ops_loss,2012,CALLOWAY,358.0
ops_loss,2012,CARLISLE,110.0
ops_loss,2012,FULTON,55.0
ops_loss,2012,GRAVES,599.0
ops_loss,2012,HICKMAN,76.0
ops_loss,2012,LIVINGSTON,215.0
ops_loss,2012,LYON,110.0
ops_loss,2012,MCCRACKEN,263.0
ops_loss,2012,MARSHALL,381.0
ops_loss,2012,TRIGG,201.0
ops_loss,2012,CALDWELL,285.0
ops_loss,2012,CHRISTIAN,543.0
ops_loss,2012,CRITTENDEN,285.0
ops_loss,2012,DAVIESS,384.0
ops_loss,2012,HANCOCK,196.0
ops_loss,2012,HENDERSON,225.0
ops_loss,2012,HOPKINS,391.0
ops_loss,2012,LOGAN,452.0
ops_loss,2012,MCLEAN,124.0
ops_loss,2012,MUHLENBERG,327.0
ops_loss,2012,OHIO,480.0
ops_loss,2012,SIMPSON,211.0
ops_loss,2012,TODD,222.0
ops_loss,2012,UNION,131.0
ops_loss,2012,WEBSTER,205.0
ops_loss,2012,ADAIR,695.0
ops_loss,2012,ALLEN,552.0
ops_loss,2012,BARREN,1035.0
ops_loss,2012,BRECKINRIDGE,629.0
ops_loss,2012,BULLITT,353.0
ops_loss,2012,BUTLER,319.0
ops_loss,2012,CASEY,606.0
ops_loss,2012,CLINTON,286.0
ops_loss,2012,CUMBERLAND,218.0
ops_loss,2012,EDMONSON,346.0
ops_loss,2012,GRAYSON,764.0
ops_loss,2012,GREEN,501.0
ops_loss,2012,HARDIN,854.0
ops_loss,2012,HART,741.0
ops_loss,2012,JEFFERSON,256.0
ops_loss,2012,LARUE,436.0
ops_loss,2012,MARION,587.0
ops_loss,2012,MEADE,433.0
ops_loss,2012,METCALFE,470.0
ops_loss,2012,MONROE,443.0
ops_loss,2012,NELSON,853.0
ops_loss,2012,RUSSELL,383.0
ops_loss,2012,TAYLOR,483.0
ops_loss,2012,WARREN,885.0
ops_loss,2012,BOONE,416.0
ops_loss,2012,BRACKEN,332.0
ops_loss,2012,CAMPBELL,334.0
ops_loss,2012,CARROLL,161.0
ops_loss,2012,GALLATIN,117.0
ops_loss,2012,GRANT,517.0
ops_loss,2012,HENRY,478.0
ops_loss,2012,KENTON,324.0
ops_loss,2012,OLDHAM,266.0
ops_loss,2012,OWEN,399.0
ops_loss,2012,PENDLETON,482.0
ops_loss,2012,TRIMBLE,271.0
ops_loss,2012,ANDERSON,443.0
ops_loss,2012,BATH,360.0
ops_loss,2012,BOURBON,540.0
ops_loss,2012,BOYLE,420.0
ops_loss,2012,CLARK,569.0
ops_loss,2012,FAYETTE,459.0
ops_loss,2012,FLEMING,595.0
ops_loss,2012,FRANKLIN,372.0
ops_loss,2012,GARRARD,440.0
ops_loss,2012,HARRISON,629.0
ops_loss,2012,JESSAMINE,433.0
ops_loss,2012,LINCOLN,671.0
ops_loss,2012,MADISON,724.0
ops_loss,2012,MASON,327.0
ops_loss,2012,MERCER,684.0
ops_loss,2012,MONTGOMERY,347.0
ops_loss,2012,NICHOLAS,312.0
ops_loss,2012,ROBERTSON,156.0
ops_loss,2012,SCOTT,518.0
ops_loss,2012,SHELBY,925.0
ops_loss,2012,SPENCER,315.0
ops_loss,2012,WASHINGTON,512.0
ops_loss,2012,WOODFORD,467.0
ops_loss,2012,BELL,55.0
ops_loss,2012,BOYD,173.0
ops_loss,2012,BREATHITT,72.0
ops_loss,2012,CARTER,497.0
ops_loss,2012,CLAY,141.0
ops_loss,2012,ELLIOTT,214.0
ops_loss,2012,ESTILL,226.0
ops_loss,2012,FLOYD,62.0
ops_loss,2012,GREENUP,379.0
ops_loss,2012,HARLAN,28.0
ops_loss,2012,JACKSON,347.0
ops_loss,2012,JOHNSON,133.0
ops_loss,2012,KNOTT,34.0
ops_loss,2012,KNOX,163.0
ops_loss,2012,LAUREL,606.0
ops_loss,2012,LAWRENCE,197.0
ops_loss,2012,LEE,96.0
ops_loss,2012,LESLIE,13.0
ops_loss,2012,LETCHER,34.0
ops_loss,2012,LEWIS,358.0
ops_loss,2012,MCCREARY,117.0
ops_loss,2012,MAGOFFIN,260.0
ops_loss,2012,MARTIN,13.0
ops_loss,2012,MENIFEE,200.0
ops_loss,2012,MORGAN,438.0
ops_loss,2012,OWSLEY,85.0
ops_loss,2012,PERRY,27.0
ops_loss,2012,PIKE,46.0
ops_loss,2012,POWELL,163.0
ops_loss,2012,PULASKI,1043.0
ops_loss,2012,ROCKCASTLE,386.0
ops_loss,2012,ROWAN,225.0
ops_loss,2012,WAYNE,449.0
ops_loss,2012,WHITLEY,337.0
ops_loss,2012,WOLFE,180.0
ops_loss,2017,BALLARD,130.0
ops_loss,2017,CALLOWAY,326.0
ops_loss,2017,CARLISLE,101.0
ops_loss,2017,FULTON,38.0
ops_loss,2017,GRAVES,437.0
ops_loss,2017,HICKMAN,48.0
ops_loss,2017,LIVINGSTON,199.0
ops_loss,2017,LYON,115.0
ops_loss,2017,MCCRACKEN,191.0
ops_loss,2017,MARSHALL,426.0
ops_loss,2017,TRIGG,178.0
ops_loss,2017,CALDWELL,226.0
ops_loss,2017,CHRISTIAN,411.0
ops_loss,2017,CRITTENDEN,240.0
ops_loss,2017,DAVIESS,399.0
ops_loss,2017,HANCOCK,172.0
ops_loss,2017,HENDERSON,188.0
ops_loss,2017,HOPKINS,360.0
ops_loss,2017,LOGAN,448.0
ops_loss,2017,MCLEAN,148.0
ops_loss,2017,MUHLENBERG,291.0
ops_loss,2017,OHIO,435.0
ops_loss,2017,SIMPSON,229.0
ops_loss,2017,TODD,190.0
ops_loss,2017,UNION,110.0
ops_loss,2017,WEBSTER,167.0
ops_loss,2017,ADAIR,615.0
ops_loss,2017,ALLEN,596.0
ops_loss,2017,BARREN,1095.0
ops_loss,2017,BRECKINRIDGE,694.0
ops_loss,2017,BULLITT,370.0
ops_loss,2017,BUTLER,322.0
ops_loss,2017,CASEY,633.0
ops_loss,2017,CLINTON,302.0
ops_loss,2017,CUMBERLAND,211.0
ops_loss,2017,EDMONSON,301.0
ops_loss,2017,GRAYSON,758.0
ops_loss,2017,GREEN,528.0
ops_loss,2017,HARDIN,840.0
ops_loss,2017,HART,763.0
ops_loss,2017,JEFFERSON,256.0
ops_loss,2017,LARUE,395.0
ops_loss,2017,MARION,502.0
ops_loss,2017,MEADE,485.0
ops_loss,2017,METCALFE,566.0
ops_loss,2017,MONROE,360.0
ops_loss,2017,NELSON,933.0
ops_loss,2017,RUSSELL,375.0
ops_loss,2017,TAYLOR,410.0
ops_loss,2017,WARREN,1053.0
ops_loss,2017,BOONE,512.0
ops_loss,2017,BRACKEN,307.0
ops_loss,2017,CAMPBELL,441.0
ops_loss,2017,CARROLL,189.0
ops_loss,2017,GALLATIN,157.0
ops_loss,2017,GRANT,596.0
ops_loss,2017,HENRY,449.0
ops_loss,2017,KENTON,348.0
ops_loss,2017,OLDHAM,336.0
ops_loss,2017,OWEN,533.0
ops_loss,2017,PENDLETON,646.0
ops_loss,2017,TRIMBLE,290.0
ops_loss,2017,ANDERSON,579.0
ops_loss,2017,BATH,410.0
ops_loss,2017,BOURBON,555.0
ops_loss,2017,BOYLE,391.0
ops_loss,2017,CLARK,582.0
ops_loss,2017,FAYETTE,422.0
ops_loss,2017,FLEMING,559.0
ops_loss,2017,FRANKLIN,367.0
ops_loss,2017,GARRARD,466.0
ops_loss,2017,HARRISON,689.0
ops_loss,2017,JESSAMINE,441.0
ops_loss,2017,LINCOLN,614.0
ops_loss,2017,MADISON,683.0
ops_loss,2017,MASON,340.0
ops_loss,2017,MERCER,730.0
ops_loss,2017,MONTGOMERY,421.0
ops_loss,2017,NICHOLAS,310.0
ops_loss,2017,ROBERTSON,139.0
ops_loss,2017,SCOTT,555.0
ops_loss,2017,SHELBY,1027.0
ops_loss,2017,SPENCER,388.0
ops_loss,2017,WASHINGTON,634.0
ops_loss,2017,WOODFORD,394.0
ops_loss,2017,BELL,83.0
ops_loss,2017,BOYD,159.0
ops_loss,2017,BREATHITT,126.0
ops_loss,2017,CARTER,475.0
ops_loss,2017,CLAY,129.0
ops_loss,2017,ELLIOTT,246.0
ops_loss,2017,ESTILL,262.0
ops_loss,2017,FLOYD,102.0
ops_loss,2017,GREENUP,425.0
ops_loss,2017,HARLAN,30.0
ops_loss,2017,JACKSON,391.0
ops_loss,2017,JOHNSON,183.0
ops_loss,2017,KNOTT,50.0
ops_loss,2017,KNOX,241.0
ops_loss,2017,LAUREL,608.0
ops_loss,2017,LAWRENCE,206.0
ops_loss,2017,LEE,111.0
ops_loss,2017,LESLIE,21.0
ops_loss,2017,LETCHER,80.0
ops_loss,2017,LEWIS,308.0
ops_loss,2017,MCCREARY,141.0
ops_loss,2017,MAGOFFIN,240.0
ops_loss,2017,MARTIN,24.0
ops_loss,2017,MENIFEE,209.0
ops_loss,2017,MORGAN,477.0
ops_loss,2017,OWSLEY,106.0
ops_loss,2017,PERRY,49.0
ops_loss,2017,PIKE,53.0
ops_loss,2017,POWELL,123.0
ops_loss,2017,PULASKI,974.0
ops_loss,2017,ROCKCASTLE,462.0
ops_loss,2017,ROWAN,210.0
ops_loss,2017,WAYNE,406.0
ops_loss,2017,WHITLEY,383.0
ops_loss,2017,WOLFE,209.0
ops_loss,2022,BALLARD,135.0
ops_loss,2022,CALLOWAY,480.0
ops_loss,2022,CARLISLE,75.0
ops_loss,2022,FULTON,60.0
ops_loss,2022,GRAVES,518.0
ops_loss,2022,HICKMAN,52.0
ops_loss,2022,LIVINGSTON,173.0
ops_loss,2022,LYON,89.0
ops_loss,2022,MCCRACKEN,224.0
ops_loss,2022,MARSHALL,496.0
ops_loss,2022,TRIGG,194.0
ops_loss,2022,CALDWELL,230.0
ops_loss,2022,CHRISTIAN,496.0
ops_loss,2022,CRITTENDEN,233.0
ops_loss,2022,DAVIESS,477.0
ops_loss,2022,HANCOCK,192.0
ops_loss,2022,HENDERSON,187.0
ops_loss,2022,HOPKINS,329.0
ops_loss,2022,LOGAN,491.0
ops_loss,2022,MCLEAN,111.0
ops_loss,2022,MUHLENBERG,362.0
ops_loss,2022,OHIO,428.0
ops_loss,2022,SIMPSON,206.0
ops_loss,2022,TODD,208.0
ops_loss,2022,UNION,125.0
ops_loss,2022,WEBSTER,207.0
ops_loss,2022,ADAIR,615.0
ops_loss,2022,ALLEN,500.0
ops_loss,2022,BARREN,906.0
ops_loss,2022,BRECKINRIDGE,683.0
ops_loss,2022,BULLITT,308.0
ops_loss,2022,BUTLER,340.0
ops_loss,2022,CASEY,542.0
ops_loss,2022,CLINTON,238.0
ops_loss,2022,CUMBERLAND,255.0
ops_loss,2022,EDMONSON,344.0
ops_loss,2022,GRAYSON,783.0
ops_loss,2022,GREEN,483.0
ops_loss,2022,HARDIN,765.0
ops_loss,2022,HART,770.0
ops_loss,2022,JEFFERSON,184.0
ops_loss,2022,LARUE,417.0
ops_loss,2022,MARION,525.0
ops_loss,2022,MEADE,503.0
ops_loss,2022,METCALFE,482.0
ops_loss,2022,MONROE,358.0
ops_loss,2022,NELSON,837.0
ops_loss,2022,RUSSELL,379.0
ops_loss,2022,TAYLOR,398.0
ops_loss,2022,WARREN,895.0
ops_loss,2022,BOONE,556.0
ops_loss,2022,BRACKEN,385.0
ops_loss,2022,CAMPBELL,379.0
ops_loss,2022,CARROLL,144.0
ops_loss,2022,GALLATIN,109.0
ops_loss,2022,GRANT,564.0
ops_loss,2022,HENRY,413.0
ops_loss,2022,KENTON,354.0
ops_loss,2022,OLDHAM,307.0
ops_loss,2022,OWEN,454.0
ops_loss,2022,PENDLETON,616.0
ops_loss,2022,TRIMBLE,252.0
ops_loss,2022,ANDERSON,517.0
ops_loss,2022,BATH,364.0
ops_loss,2022,BOURBON,505.0
ops_loss,2022,BOYLE,299.0
ops_loss,2022,CLARK,515.0
ops_loss,2022,FAYETTE,428.0
ops_loss,2022,FLEMING,491.0
ops_loss,2022,FRANKLIN,380.0
ops_loss,2022,GARRARD,388.0
ops_loss,2022,HARRISON,633.0
ops_loss,2022,JESSAMINE,436.0
ops_loss,2022,LINCOLN,557.0
ops_loss,2022,MADISON,709.0
ops_loss,2022,MASON,304.0
ops_loss,2022,MERCER,647.0
ops_loss,2022,MONTGOMERY,332.0
ops_loss,2022,NICHOLAS,284.0
ops_loss,2022,ROBERTSON,92.0
ops_loss,2022,SCOTT,513.0
ops_loss,2022,SHELBY,906.0
ops_loss,2022,SPENCER,389.0
ops_loss,2022,WASHINGTON,584.0
ops_loss,2022,WOODFORD,403.0
ops_loss,2022,BELL,46.0
ops_loss,2022,BOYD,154.0
ops_loss,2022,BREATHITT,99.0
ops_loss,2022,CARTER,490.0
ops_loss,2022,CLAY,98.0
ops_loss,2022,ELLIOTT,217.0
ops_loss,2022,ESTILL,245.0
ops_loss,2022,FLOYD,51.0
ops_loss,2022,GREENUP,373.0
ops_loss,2022,HARLAN,22.0
ops_loss,2022,JACKSON,335.0
ops_loss,2022,JOHNSON,142.0
ops_loss,2022,KNOTT,37.0
ops_loss,2022,KNOX,199.0
ops_loss,2022,LAUREL,590.0
ops_loss,2022,LAWRENCE,189.0
ops_loss,2022,LEE,84.0
ops_loss,2022,LESLIE,18.0
ops_loss,2022,LETCHER,45.0
ops_loss,2022,LEWIS,265.0
ops_loss,2022,MCCREARY,124.0
ops_loss,2022,MAGOFFIN,238.0
ops_loss,2022,MARTIN,13.0
ops_loss,2022,MENIFEE,154.0
ops_loss,2022,MORGAN,385.0
ops_loss,2022,OWSLEY,56.0
ops_loss,2022,PERRY,34.0
ops_loss,2022,PIKE,45.0
ops_loss,2022,POWELL,115.0
ops_loss,2022,PULASKI,987.0
ops_loss,2022,ROCKCASTLE,371.0
ops_loss,2022,ROWAN,167.0
ops_loss,2022,WAYNE,394.0
ops_loss,2022,WHITLEY,323.0
ops_loss,2022,WOLFE,173.0
ops_netinc,2002,BALLARD,484.0
ops_netinc,2002,CALLOWAY,818.0
ops_netinc,2002,CARLISLE,377.0
ops_netinc,2002,FULTON,192.0
ops_netinc,2002,GRAVES,1711.0
ops_netinc,2002,HICKMAN,348.0
ops_netinc,2002,LIVINGSTON,515.0
ops_netinc,2002,LYON,306.0
ops_netinc,2002,MCCRACKEN,528.0
ops_netinc,2002,MARSHALL,902.0
ops_netinc,2002,TRIGG,422.0
ops_netinc,2002,CALDWELL,677.0
ops_netinc,2002,CHRISTIAN,1269.0
ops_netinc,2002,CRITTENDEN,702.0
ops_netinc,2002,DAVIESS,1056.0
ops_netinc,2002,HANCOCK,418.0
ops_netinc,2002,HENDERSON,526.0
ops_netinc,2002,HOPKINS,677.0
ops_netinc,2002,LOGAN,1209.0
ops_netinc,2002,MCLEAN,412.0
ops_netinc,2002,MUHLENBERG,664.0
ops_netinc,2002,OHIO,1009.0
ops_netinc,2002,SIMPSON,551.0
ops_netinc,2002,TODD,680.0
ops_netinc,2002,UNION,330.0
ops_netinc,2002,WEBSTER,596.0
ops_netinc,2002,ADAIR,1397.0
ops_netinc,2002,ALLEN,1188.0
ops_netinc,2002,BARREN,2018.0
ops_netinc,2002,BRECKINRIDGE,1441.0
ops_netinc,2002,BULLITT,618.0
ops_netinc,2002,BUTLER,729.0
ops_netinc,2002,CASEY,1357.0
ops_netinc,2002,CLINTON,627.0
ops_netinc,2002,CUMBERLAND,472.0
ops_netinc,2002,EDMONSON,673.0
ops_netinc,2002,GRAYSON,1650.0
ops_netinc,2002,GREEN,1134.0
ops_netinc,2002,HARDIN,1737.0
ops_netinc,2002,HART,1392.0
ops_netinc,2002,JEFFERSON,545.0
ops_netinc,2002,LARUE,887.0
ops_netinc,2002,MARION,1052.0
ops_netinc,2002,MEADE,958.0
ops_netinc,2002,METCALFE,955.0
ops_netinc,2002,MONROE,976.0
ops_netinc,2002,NELSON,1411.0
ops_netinc,2002,RUSSELL,933.0
ops_netinc,2002,TAYLOR,958.0
ops_netinc,2002,WARREN,1883.0
ops_netinc,2002,BOONE,739.0
ops_netinc,2002,BRACKEN,638.0
ops_netinc,2002,CAMPBELL,584.0
ops_netinc,2002,CARROLL,339.0
ops_netinc,2002,GALLATIN,242.0
ops_netinc,2002,GRANT,1016.0
ops_netinc,2002,HENRY,877.0
ops_netinc,2002,KENTON,495.0
ops_netinc,2002,OLDHAM,488.0
ops_netinc,2002,OWEN,790.0
ops_netinc,2002,PENDLETON,967.0
ops_netinc,2002,TRIMBLE,564.0
ops_netinc,2002,ANDERSON,752.0
ops_netinc,2002,BATH,694.0
ops_netinc,2002,BOURBON,908.0
ops_netinc,2002,BOYLE,715.0
ops_netinc,2002,CLARK,860.0
ops_netinc,2002,FAYETTE,743.0
ops_netinc,2002,FLEMING,1070.0
ops_netinc,2002,FRANKLIN,690.0
ops_netinc,2002,GARRARD,867.0
ops_netinc,2002,HARRISON,1091.0
ops_netinc,2002,JESSAMINE,770.0
ops_netinc,2002,LINCOLN,1277.0
ops_netinc,2002,MADISON,1392.0
ops_netinc,2002,MASON,727.0
ops_netinc,2002,MERCER,1087.0
ops_netinc,2002,MONTGOMERY,680.0
ops_netinc,2002,NICHOLAS,585.0
ops_netinc,2002,ROBERTSON,246.0
ops_netinc,2002,SCOTT,850.0
ops_netinc,2002,SHELBY,1558.0
ops_netinc,2002,SPENCER,622.0
ops_netinc,2002,WASHINGTON,1117.0
ops_netinc,2002,WOODFORD,711.0
ops_netinc,2002,BELL,63.0
ops_netinc,2002,BOYD,271.0
ops_netinc,2002,BREATHITT,209.0
ops_netinc,2002,CARTER,932.0
ops_netinc,2002,CLAY,387.0
ops_netinc,2002,ELLIOTT,430.0
ops_netinc,2002,ESTILL,451.0
ops_netinc,2002,FLOYD,68.0
ops_netinc,2002,GREENUP,731.0
ops_netinc,2002,HARLAN,23.0
ops_netinc,2002,JACKSON,727.0
ops_netinc,2002,JOHNSON,196.0
ops_netinc,2002,KNOTT,22.0
ops_netinc,2002,KNOX,348.0
ops_netinc,2002,LAUREL,1139.0
ops_netinc,2002,LAWRENCE,319.0
ops_netinc,2002,LEE,175.0
ops_netinc,2002,LESLIE,20.0
ops_netinc,2002,LETCHER,45.0
ops_netinc,2002,LEWIS,734.0
ops_netinc,2002,MCCREARY,152.0
ops_netinc,2002,MAGOFFIN,344.0
ops_netinc,2002,MARTIN,14.0
ops_netinc,2002,MENIFEE,334.0
ops_netinc,2002,MORGAN,802.0
ops_netinc,2002,OWSLEY,229.0
ops_netinc,2002,PERRY,43.0
ops_netinc,2002,PIKE,45.0
ops_netinc,2002,POWELL,240.0
ops_netinc,2002,PULASKI,1979.0
ops_netinc,2002,ROCKCASTLE,798.0
ops_netinc,2002,ROWAN,434.0
ops_netinc,2002,WAYNE,865.0
ops_netinc,2002,WHITLEY,528.0
ops_netinc,2002,WOLFE,373.0
ops_netinc,2007,BALLARD,481.0
ops_netinc,2007,CALLOWAY,888.0
ops_netinc,2007,CARLISLE,408.0
ops_netinc,2007,FULTON,156.0
ops_netinc,2007,GRAVES,1712.0
ops_netinc,2007,HICKMAN,340.0
ops_netinc,2007,LIVINGSTON,492.0
ops_netinc,2007,LYON,270.0
ops_netinc,2007,MCCRACKEN,483.0
ops_netinc,2007,MARSHALL,867.0
ops_netinc,2007,TRIGG,458.0
ops_netinc,2007,CALDWELL,625.0
ops_netinc,2007,CHRISTIAN,1324.0
ops_netinc,2007,CRITTENDEN,740.0
ops_netinc,2007,DAVIESS,1008.0
ops_netinc,2007,HANCOCK,383.0
ops_netinc,2007,HENDERSON,509.0
ops_netinc,2007,HOPKINS,661.0
ops_netinc,2007,LOGAN,1172.0
ops_netinc,2007,MCLEAN,419.0
ops_netinc,2007,MUHLENBERG,636.0
ops_netinc,2007,OHIO,969.0
ops_netinc,2007,SIMPSON,494.0
ops_netinc,2007,TODD,759.0
ops_netinc,2007,UNION,325.0
ops_netinc,2007,WEBSTER,556.0
ops_netinc,2007,ADAIR,1424.0
ops_netinc,2007,ALLEN,1208.0
ops_netinc,2007,BARREN,2170.0
ops_netinc,2007,BRECKINRIDGE,1509.0
ops_netinc,2007,BULLITT,519.0
ops_netinc,2007,BUTLER,778.0
ops_netinc,2007,CASEY,1286.0
ops_netinc,2007,CLINTON,629.0
ops_netinc,2007,CUMBERLAND,507.0
ops_netinc,2007,EDMONSON,712.0
ops_netinc,2007,GRAYSON,1513.0
ops_netinc,2007,GREEN,1064.0
ops_netinc,2007,HARDIN,1588.0
ops_netinc,2007,HART,1455.0
ops_netinc,2007,JEFFERSON,475.0
ops_netinc,2007,LARUE,811.0
ops_netinc,2007,MARION,1055.0
ops_netinc,2007,MEADE,887.0
ops_netinc,2007,METCALFE,964.0
ops_netinc,2007,MONROE,955.0
ops_netinc,2007,NELSON,1406.0
ops_netinc,2007,RUSSELL,805.0
ops_netinc,2007,TAYLOR,941.0
ops_netinc,2007,WARREN,1824.0
ops_netinc,2007,BOONE,682.0
ops_netinc,2007,BRACKEN,618.0
ops_netinc,2007,CAMPBELL,535.0
ops_netinc,2007,CARROLL,326.0
ops_netinc,2007,GALLATIN,204.0
ops_netinc,2007,GRANT,959.0
ops_netinc,2007,HENRY,962.0
ops_netinc,2007,KENTON,481.0
ops_netinc,2007,OLDHAM,461.0
ops_netinc,2007,OWEN,864.0
ops_netinc,2007,PENDLETON,910.0
ops_netinc,2007,TRIMBLE,489.0
ops_netinc,2007,ANDERSON,678.0
ops_netinc,2007,BATH,789.0
ops_netinc,2007,BOURBON,918.0
ops_netinc,2007,BOYLE,649.0
ops_netinc,2007,CLARK,907.0
ops_netinc,2007,FAYETTE,810.0
ops_netinc,2007,FLEMING,1129.0
ops_netinc,2007,FRANKLIN,625.0
ops_netinc,2007,GARRARD,821.0
ops_netinc,2007,HARRISON,1083.0
ops_netinc,2007,JESSAMINE,711.0
ops_netinc,2007,LINCOLN,1278.0
ops_netinc,2007,MADISON,1328.0
ops_netinc,2007,MASON,753.0
ops_netinc,2007,MERCER,1111.0
ops_netinc,2007,MONTGOMERY,685.0
ops_netinc,2007,NICHOLAS,603.0
ops_netinc,2007,ROBERTSON,289.0
ops_netinc,2007,SCOTT,930.0
ops_netinc,2007,SHELBY,1651.0
ops_netinc,2007,SPENCER,596.0
ops_netinc,2007,WASHINGTON,1119.0
ops_netinc,2007,WOODFORD,712.0
ops_netinc,2007,BELL,69.0
ops_netinc,2007,BOYD,260.0
ops_netinc,2007,BREATHITT,199.0
ops_netinc,2007,CARTER,895.0
ops_netinc,2007,CLAY,336.0
ops_netinc,2007,ELLIOTT,448.0
ops_netinc,2007,ESTILL,456.0
ops_netinc,2007,FLOYD,76.0
ops_netinc,2007,GREENUP,698.0
ops_netinc,2007,HARLAN,37.0
ops_netinc,2007,JACKSON,662.0
ops_netinc,2007,JOHNSON,198.0
ops_netinc,2007,KNOTT,46.0
ops_netinc,2007,KNOX,376.0
ops_netinc,2007,LAUREL,1012.0
ops_netinc,2007,LAWRENCE,337.0
ops_netinc,2007,LEE,186.0
ops_netinc,2007,LESLIE,23.0
ops_netinc,2007,LETCHER,66.0
ops_netinc,2007,LEWIS,673.0
ops_netinc,2007,MCCREARY,139.0
ops_netinc,2007,MAGOFFIN,470.0
ops_netinc,2007,MARTIN,19.0
ops_netinc,2007,MENIFEE,331.0
ops_netinc,2007,MORGAN,795.0
ops_netinc,2007,OWSLEY,195.0
ops_netinc,2007,PERRY,57.0
ops_netinc,2007,PIKE,70.0
ops_netinc,2007,POWELL,236.0
ops_netinc,2007,PULASKI,1808.0
ops_netinc,2007,ROCKCASTLE,727.0
ops_netinc,2007,ROWAN,386.0
ops_netinc,2007,WAYNE,781.0
ops_netinc,2007,WHITLEY,565.0
ops_netinc,2007,WOLFE,342.0
ops_netinc,2012,BALLARD,408.0
ops_netinc,2012,CALLOWAY,821.0
ops_netinc,2012,CARLISLE,325.0
ops_netinc,2012,FULTON,178.0
ops_netinc,2012,GRAVES,1442.0
ops_netinc,2012,HICKMAN,298.0
ops_netinc,2012,LIVINGSTON,403.0
ops_netinc,2012,LYON,219.0
ops_netinc,2012,MCCRACKEN,447.0
ops_netinc,2012,MARSHALL,719.0
ops_netinc,2012,TRIGG,397.0
ops_netinc,2012,CALDWELL,538.0
ops_netinc,2012,CHRISTIAN,1179.0
ops_netinc,2012,CRITTENDEN,592.0
ops_netinc,2012,DAVIESS,837.0
ops_netinc,2012,HANCOCK,350.0
ops_netinc,2012,HENDERSON,465.0
ops_netinc,2012,HOPKINS,731.0
ops_netinc,2012,LOGAN,1060.0
ops_netinc,2012,MCLEAN,413.0
ops_netinc,2012,MUHLENBERG,630.0
ops_netinc,2012,OHIO,944.0
ops_netinc,2012,SIMPSON,467.0
ops_netinc,2012,TODD,603.0
ops_netinc,2012,UNION,310.0
ops_netinc,2012,WEBSTER,500.0
ops_netinc,2012,ADAIR,1243.0
ops_netinc,2012,ALLEN,1080.0
ops_netinc,2012,BARREN,1869.0
ops_netinc,2012,BRECKINRIDGE,1304.0
ops_netinc,2012,BULLITT,488.0
ops_netinc,2012,BUTLER,697.0
ops_netinc,2012,CASEY,1118.0
ops_netinc,2012,CLINTON,508.0
ops_netinc,2012,CUMBERLAND,371.0
ops_netinc,2012,EDMONSON,638.0
ops_netinc,2012,GRAYSON,1407.0
ops_netinc,2012,GREEN,1050.0
ops_netinc,2012,HARDIN,1357.0
ops_netinc,2012,HART,1372.0
ops_netinc,2012,JEFFERSON,382.0
ops_netinc,2012,LARUE,720.0
ops_netinc,2012,MARION,1016.0
ops_netinc,2012,MEADE,754.0
ops_netinc,2012,METCALFE,924.0
ops_netinc,2012,MONROE,858.0
ops_netinc,2012,NELSON,1326.0
ops_netinc,2012,RUSSELL,726.0
ops_netinc,2012,TAYLOR,874.0
ops_netinc,2012,WARREN,1648.0
ops_netinc,2012,BOONE,608.0
ops_netinc,2012,BRACKEN,587.0
ops_netinc,2012,CAMPBELL,504.0
ops_netinc,2012,CARROLL,278.0
ops_netinc,2012,GALLATIN,185.0
ops_netinc,2012,GRANT,812.0
ops_netinc,2012,HENRY,869.0
ops_netinc,2012,KENTON,459.0
ops_netinc,2012,OLDHAM,419.0
ops_netinc,2012,OWEN,701.0
ops_netinc,2012,PENDLETON,810.0
ops_netinc,2012,TRIMBLE,439.0
ops_netinc,2012,ANDERSON,676.0
ops_netinc,2012,BATH,690.0
ops_netinc,2012,BOURBON,907.0
ops_netinc,2012,BOYLE,620.0
ops_netinc,2012,CLARK,883.0
ops_netinc,2012,FAYETTE,718.0
ops_netinc,2012,FLEMING,1087.0
ops_netinc,2012,FRANKLIN,579.0
ops_netinc,2012,GARRARD,805.0
ops_netinc,2012,HARRISON,1064.0
ops_netinc,2012,JESSAMINE,668.0
ops_netinc,2012,LINCOLN,1202.0
ops_netinc,2012,MADISON,1219.0
ops_netinc,2012,MASON,634.0
ops_netinc,2012,MERCER,1067.0
ops_netinc,2012,MONTGOMERY,609.0
ops_netinc,2012,NICHOLAS,570.0
ops_netinc,2012,ROBERTSON,251.0
ops_netinc,2012,SCOTT,838.0
ops_netinc,2012,SHELBY,1518.0
ops_netinc,2012,SPENCER,529.0
ops_netinc,2012,WASHINGTON,1011.0
ops_netinc,2012,WOODFORD,713.0
ops_netinc,2012,BELL,81.0
ops_netinc,2012,BOYD,214.0
ops_netinc,2012,BREATHITT,120.0
ops_netinc,2012,CARTER,786.0
ops_netinc,2012,CLAY,243.0
ops_netinc,2012,ELLIOTT,389.0
ops_netinc,2012,ESTILL,380.0
ops_netinc,2012,FLOYD,87.0
ops_netinc,2012,GREENUP,604.0
ops_netinc,2012,HARLAN,34.0
ops_netinc,2012,JACKSON,588.0
ops_netinc,2012,JOHNSON,196.0
ops_netinc,2012,KNOTT,42.0
ops_netinc,2012,KNOX,243.0
ops_netinc,2012,LAUREL,1006.0
ops_netinc,2012,LAWRENCE,291.0
ops_netinc,2012,LEE,142.0
ops_netinc,2012,LESLIE,15.0
ops_netinc,2012,LETCHER,54.0
ops_netinc,2012,LEWIS,676.0
ops_netinc,2012,MCCREARY,155.0
ops_netinc,2012,MAGOFFIN,361.0
ops_netinc,2012,MARTIN,20.0
ops_netinc,2012,MENIFEE,294.0
ops_netinc,2012,MORGAN,694.0
ops_netinc,2012,OWSLEY,163.0
ops_netinc,2012,PERRY,49.0
ops_netinc,2012,PIKE,56.0
ops_netinc,2012,POWELL,229.0
ops_netinc,2012,PULASKI,1713.0
ops_netinc,2012,ROCKCASTLE,677.0
ops_netinc,2012,ROWAN,356.0
ops_netinc,2012,WAYNE,778.0
ops_netinc,2012,WHITLEY,496.0
ops_netinc,2012,WOLFE,297.0
ops_netinc,2017,BALLARD,295.0
ops_netinc,2017,CALLOWAY,710.0
ops_netinc,2017,CARLISLE,273.0
ops_netinc,2017,FULTON,146.0
ops_netinc,2017,GRAVES,1104.0
ops_netinc,2017,HICKMAN,246.0
ops_netinc,2017,LIVINGSTON,365.0
ops_netinc,2017,LYON,208.0
ops_netinc,2017,MCCRACKEN,318.0
ops_netinc,2017,MARSHALL,699.0
ops_netinc,2017,TRIGG,405.0
ops_netinc,2017,CALDWELL,475.0
ops_netinc,2017,CHRISTIAN,1137.0
ops_netinc,2017,CRITTENDEN,575.0
ops_netinc,2017,DAVIESS,919.0
ops_netinc,2017,HANCOCK,321.0
ops_netinc,2017,HENDERSON,458.0
ops_netinc,2017,HOPKINS,656.0
ops_netinc,2017,LOGAN,1078.0
ops_netinc,2017,MCLEAN,439.0
ops_netinc,2017,MUHLENBERG,549.0
ops_netinc,2017,OHIO,813.0
ops_netinc,2017,SIMPSON,471.0
ops_netinc,2017,TODD,593.0
ops_netinc,2017,UNION,284.0
ops_netinc,2017,WEBSTER,499.0
ops_netinc,2017,ADAIR,1154.0
ops_netinc,2017,ALLEN,1127.0
ops_netinc,2017,BARREN,1899.0
ops_netinc,2017,BRECKINRIDGE,1357.0
ops_netinc,2017,BULLITT,486.0
ops_netinc,2017,BUTLER,642.0
ops_netinc,2017,CASEY,1106.0
ops_netinc,2017,CLINTON,512.0
ops_netinc,2017,CUMBERLAND,395.0
ops_netinc,2017,EDMONSON,578.0
ops_netinc,2017,GRAYSON,1339.0
ops_netinc,2017,GREEN,1004.0
ops_netinc,2017,HARDIN,1305.0
ops_netinc,2017,HART,1287.0
ops_netinc,2017,JEFFERSON,343.0
ops_netinc,2017,LARUE,718.0
ops_netinc,2017,MARION,954.0
ops_netinc,2017,MEADE,781.0
ops_netinc,2017,METCALFE,945.0
ops_netinc,2017,MONROE,765.0
ops_netinc,2017,NELSON,1434.0
ops_netinc,2017,RUSSELL,672.0
ops_netinc,2017,TAYLOR,803.0
ops_netinc,2017,WARREN,1755.0
ops_netinc,2017,BOONE,721.0
ops_netinc,2017,BRACKEN,531.0
ops_netinc,2017,CAMPBELL,577.0
ops_netinc,2017,CARROLL,308.0
ops_netinc,2017,GALLATIN,235.0
ops_netinc,2017,GRANT,811.0
ops_netinc,2017,HENRY,771.0
ops_netinc,2017,KENTON,506.0
ops_netinc,2017,OLDHAM,466.0
ops_netinc,2017,OWEN,821.0
ops_netinc,2017,PENDLETON,919.0
ops_netinc,2017,TRIMBLE,469.0
ops_netinc,2017,ANDERSON,774.0
ops_netinc,2017,BATH,728.0
ops_netinc,2017,BOURBON,915.0
ops_netinc,2017,BOYLE,602.0
ops_netinc,2017,CLARK,871.0
ops_netinc,2017,FAYETTE,622.0
ops_netinc,2017,FLEMING,1013.0
ops_netinc,2017,FRANKLIN,599.0
ops_netinc,2017,GARRARD,793.0
ops_netinc,2017,HARRISON,1138.0
ops_netinc,2017,JESSAMINE,671.0
ops_netinc,2017,LINCOLN,1090.0
ops_netinc,2017,MADISON,1187.0
ops_netinc,2017,MASON,680.0
ops_netinc,2017,MERCER,1108.0
ops_netinc,2017,MONTGOMERY,659.0
ops_netinc,2017,NICHOLAS,556.0
ops_netinc,2017,ROBERTSON,245.0
ops_netinc,2017,SCOTT,851.0
ops_netinc,2017,SHELBY,1548.0
ops_netinc,2017,SPENCER,606.0
ops_netinc,2017,WASHINGTON,1102.0
ops_netinc,2017,WOODFORD,689.0
ops_netinc,2017,BELL,110.0
ops_netinc,2017,BOYD,203.0
ops_netinc,2017,BREATHITT,160.0
ops_netinc,2017,CARTER,718.0
ops_netinc,2017,CLAY,233.0
ops_netinc,2017,ELLIOTT,363.0
ops_netinc,2017,ESTILL,367.0
ops_netinc,2017,FLOYD,136.0
ops_netinc,2017,GREENUP,584.0
ops_netinc,2017,HARLAN,39.0
ops_netinc,2017,JACKSON,551.0
ops_netinc,2017,JOHNSON,224.0
ops_netinc,2017,KNOTT,62.0
ops_netinc,2017,KNOX,336.0
ops_netinc,2017,LAUREL,955.0
ops_netinc,2017,LAWRENCE,284.0
ops_netinc,2017,LEE,144.0
ops_netinc,2017,LESLIE,26.0
ops_netinc,2017,LETCHER,103.0
ops_netinc,2017,LEWIS,550.0
ops_netinc,2017,MCCREARY,173.0
ops_netinc,2017,MAGOFFIN,335.0
ops_netinc,2017,MARTIN,30.0
ops_netinc,2017,MENIFEE,283.0
ops_netinc,2017,MORGAN,657.0
ops_netinc,2017,OWSLEY,153.0
ops_netinc,2017,PERRY,63.0
ops_netinc,2017,PIKE,85.0
ops_netinc,2017,POWELL,194.0
ops_netinc,2017,PULASKI,1704.0
ops_netinc,2017,ROCKCASTLE,681.0
ops_netinc,2017,ROWAN,329.0
ops_netinc,2017,WAYNE,710.0
ops_netinc,2017,WHITLEY,548.0
ops_netinc,2017,WOLFE,294.0
ops_netinc,2022,BALLARD,307.0
ops_netinc,2022,CALLOWAY,821.0
ops_netinc,2022,CARLISLE,248.0
ops_netinc,2022,FULTON,175.0
ops_netinc,2022,GRAVES,1129.0
ops_netinc,2022,HICKMAN,226.0
ops_netinc,2022,LIVINGSTON,360.0
ops_netinc,2022,LYON,158.0
ops_netinc,2022,MCCRACKEN,339.0
ops_netinc,2022,MARSHALL,787.0
ops_netinc,2022,TRIGG,406.0
ops_netinc,2022,CALDWELL,441.0
ops_netinc,2022,CHRISTIAN,1095.0
ops_netinc,2022,CRITTENDEN,512.0
ops_netinc,2022,DAVIESS,974.0
ops_netinc,2022,HANCOCK,328.0
ops_netinc,2022,HENDERSON,438.0
ops_netinc,2022,HOPKINS,623.0
ops_netinc,2022,LOGAN,1017.0
ops_netinc,2022,MCLEAN,346.0
ops_netinc,2022,MUHLENBERG,583.0
ops_netinc,2022,OHIO,746.0
ops_netinc,2022,SIMPSON,400.0
ops_netinc,2022,TODD,551.0
ops_netinc,2022,UNION,290.0
ops_netinc,2022,WEBSTER,502.0
ops_netinc,2022,ADAIR,1074.0
ops_netinc,2022,ALLEN,906.0
ops_netinc,2022,BARREN,1621.0
ops_netinc,2022,BRECKINRIDGE,1249.0
ops_netinc,2022,BULLITT,420.0
ops_netinc,2022,BUTLER,648.0
ops_netinc,2022,CASEY,975.0
ops_netinc,2022,CLINTON,374.0
ops_netinc,2022,CUMBERLAND,409.0
ops_netinc,2022,EDMONSON,552.0
ops_netinc,2022,GRAYSON,1283.0
ops_netinc,2022,GREEN,902.0
ops_netinc,2022,HARDIN,1255.0
ops_netinc,2022,HART,1283.0
ops_netinc,2022,JEFFERSON,264.0
ops_netinc,2022,LARUE,701.0
ops_netinc,2022,MARION,955.0
ops_netinc,2022,MEADE,731.0
ops_netinc,2022,METCALFE,799.0
ops_netinc,2022,MONROE,674.0
ops_netinc,2022,NELSON,1241.0
ops_netinc,2022,RUSSELL,639.0
ops_netinc,2022,TAYLOR,663.0
ops_netinc,2022,WARREN,1530.0
ops_netinc,2022,BOONE,727.0
ops_netinc,2022,BRACKEN,557.0
ops_netinc,2022,CAMPBELL,493.0
ops_netinc,2022,CARROLL,226.0
ops_netinc,2022,GALLATIN,157.0
ops_netinc,2022,GRANT,787.0
ops_netinc,2022,HENRY,719.0
ops_netinc,2022,KENTON,453.0
ops_netinc,2022,OLDHAM,410.0
ops_netinc,2022,OWEN,674.0
ops_netinc,2022,PENDLETON,878.0
ops_netinc,2022,TRIMBLE,393.0
ops_netinc,2022,ANDERSON,705.0
ops_netinc,2022,BATH,626.0
ops_netinc,2022,BOURBON,846.0
ops_netinc,2022,BOYLE,491.0
ops_netinc,2022,CLARK,804.0
ops_netinc,2022,FAYETTE,682.0
ops_netinc,2022,FLEMING,898.0
ops_netinc,2022,FRANKLIN,532.0
ops_netinc,2022,GARRARD,647.0
ops_netinc,2022,HARRISON,1051.0
ops_netinc,2022,JESSAMINE,619.0
ops_netinc,2022,LINCOLN,984.0
ops_netinc,2022,MADISON,1164.0
ops_netinc,2022,MASON,541.0
ops_netinc,2022,MERCER,978.0
ops_netinc,2022,MONTGOMERY,528.0
ops_netinc,2022,NICHOLAS,467.0
ops_netinc,2022,ROBERTSON,163.0
ops_netinc,2022,SCOTT,781.0
ops_netinc,2022,SHELBY,1350.0
ops_netinc,2022,SPENCER,578.0
ops_netinc,2022,WASHINGTON,998.0
ops_netinc,2022,WOODFORD,688.0
ops_netinc,2022,BELL,77.0
ops_netinc,2022,BOYD,187.0
ops_netinc,2022,BREATHITT,150.0
ops_netinc,2022,CARTER,681.0
ops_netinc,2022,CLAY,178.0
ops_netinc,2022,ELLIOTT,310.0
ops_netinc,2022,ESTILL,349.0
ops_netinc,2022,FLOYD,61.0
ops_netinc,2022,GREENUP,475.0
ops_netinc,2022,HARLAN,37.0
ops_netinc,2022,JACKSON,460.0
ops_netinc,2022,JOHNSON,199.0
ops_netinc,2022,KNOTT,49.0
ops_netinc,2022,KNOX,293.0
ops_netinc,2022,LAUREL,871.0
ops_netinc,2022,LAWRENCE,255.0
ops_netinc,2022,LEE,127.0
ops_netinc,2022,LESLIE,23.0
ops_netinc,2022,LETCHER,71.0
ops_netinc,2022,LEWIS,489.0
ops_netinc,2022,MCCREARY,171.0
ops_netinc,2022,MAGOFFIN,316.0
ops_netinc,2022,MARTIN,21.0
ops_netinc,2022,MENIFEE,213.0
ops_netinc,2022,MORGAN,560.0
ops_netinc,2022,OWSLEY,84.0
ops_netinc,2022,PERRY,53.0
ops_netinc,2022,PIKE,66.0
ops_netinc,2022,POWELL,165.0
ops_netinc,2022,PULASKI,1600.0
ops_netinc,2022,ROCKCASTLE,585.0
ops_netinc,2022,ROWAN,277.0
ops_netinc,2022,WAYNE,708.0
ops_netinc,2022,WHITLEY,476.0
ops_netinc,2022,WOLFE,243.0
sales_per_op,2002,BALLARD,70647.0
sales_per_op,2002,CALLOWAY,65903.0
sales_per_op,2002,CARLISLE,82823.0
sales_per_op,2002,FULTON,156341.0
sales_per_op,2002,GRAVES,87741.0
sales_per_op,2002,HICKMAN,189060.0
sales_per_op,2002,LIVINGSTON,21834.0
sales_per_op,2002,LYON,15475.0
sales_per_op,2002,MCCRACKEN,29777.0
sales_per_op,2002,MARSHALL,29946.0
sales_per_op,2002,TRIGG,47048.0
sales_per_op,2002,CALDWELL,26665.0
sales_per_op,2002,CHRISTIAN,60798.0
sales_per_op,2002,CRITTENDEN,17576.0
sales_per_op,2002,DAVIESS,59070.0
sales_per_op,2002,HANCOCK,22681.0
sales_per_op,2002,HENDERSON,98849.0
sales_per_op,2002,HOPKINS,56618.0
sales_per_op,2002,LOGAN,45901.0
sales_per_op,2002,MCLEAN,156815.0
sales_per_op,2002,MUHLENBERG,62678.0
sales_per_op,2002,OHIO,61087.0
sales_per_op,2002,SIMPSON,75688.0
sales_per_op,2002,TODD,92414.0
sales_per_op,2002,UNION,132156.0
sales_per_op,2002,WEBSTER,129994.0
sales_per_op,2002,ADAIR,22429.0
sales_per_op,2002,ALLEN,34665.0
sales_per_op,2002,BARREN,31071.0
sales_per_op,2002,BRECKINRIDGE,19899.0
sales_per_op,2002,BULLITT,11735.0
sales_per_op,2002,BUTLER,26197.0
sales_per_op,2002,CASEY,16052.0
sales_per_op,2002,CLINTON,32769.0
sales_per_op,2002,CUMBERLAND,15697.0
sales_per_op,2002,EDMONSON,14859.0
sales_per_op,2002,GRAYSON,19177.0
sales_per_op,2002,GREEN,18635.0
sales_per_op,2002,HARDIN,20726.0
sales_per_op,2002,HART,21392.0
sales_per_op,2002,JEFFERSON,25338.0
sales_per_op,2002,LARUE,23712.0
sales_per_op,2002,MARION,27281.0
sales_per_op,2002,MEADE,16933.0
sales_per_op,2002,METCALFE,31349.0
sales_per_op,2002,MONROE,33616.0
sales_per_op,2002,NELSON,23626.0
sales_per_op,2002,RUSSELL,24263.0
sales_per_op,2002,TAYLOR,20972.0
sales_per_op,2002,WARREN,32684.0
sales_per_op,2002,BOONE,24426.0
sales_per_op,2002,BRACKEN,16208.0
sales_per_op,2002,CAMPBELL,10074.0
sales_per_op,2002,CARROLL,23620.0
sales_per_op,2002,GALLATIN,15349.0
sales_per_op,2002,GRANT,12940.0
sales_per_op,2002,HENRY,29034.0
sales_per_op,2002,KENTON,10730.0
sales_per_op,2002,OLDHAM,44214.0
sales_per_op,2002,OWEN,21380.0
sales_per_op,2002,PENDLETON,9130.0
sales_per_op,2002,TRIMBLE,11512.0
sales_per_op,2002,ANDERSON,11964.0
sales_per_op,2002,BATH,18427.0
sales_per_op,2002,BOURBON,107129.0
sales_per_op,2002,BOYLE,31465.0
sales_per_op,2002,CLARK,29367.0
sales_per_op,2002,FAYETTE,242401.0
sales_per_op,2002,FLEMING,31698.0
sales_per_op,2002,FRANKLIN,17625.0
sales_per_op,2002,GARRARD,24281.0
sales_per_op,2002,HARRISON,19393.0
sales_per_op,2002,JESSAMINE,64594.0
sales_per_op,2002,LINCOLN,27512.0
sales_per_op,2002,MADISON,25530.0
sales_per_op,2002,MASON,30791.0
sales_per_op,2002,MERCER,26611.0
sales_per_op,2002,MONTGOMERY,23146.0
sales_per_op,2002,NICHOLAS,20404.0
sales_per_op,2002,ROBERTSON,10065.0
sales_per_op,2002,SCOTT,57236.0
sales_per_op,2002,SHELBY,29311.0
sales_per_op,2002,SPENCER,18268.0
sales_per_op,2002,WASHINGTON,24182.0
sales_per_op,2002,WOODFORD,242821.0
sales_per_op,2002,BELL,3424.0
sales_per_op,2002,BOYD,4591.0
sales_per_op,2002,BREATHITT,6425.0
sales_per_op,2002,CARTER,7603.0
sales_per_op,2002,CLAY,9619.0
sales_per_op,2002,ELLIOTT,6601.0
sales_per_op,2002,ESTILL,8444.0
sales_per_op,2002,FLOYD,7497.0
sales_per_op,2002,GREENUP,7471.0
sales_per_op,2002,HARLAN,5394.0
sales_per_op,2002,JACKSON,10866.0
sales_per_op,2002,JOHNSON,6311.0
sales_per_op,2002,KNOTT,2857.0
sales_per_op,2002,KNOX,7198.0
sales_per_op,2002,LAUREL,13822.0
sales_per_op,2002,LAWRENCE,5636.0
sales_per_op,2002,LEE,6650.0
sales_per_op,2002,LESLIE,1687.0
sales_per_op,2002,LETCHER,3931.0
sales_per_op,2002,LEWIS,12951.0
sales_per_op,2002,MCCREARY,3678.0
sales_per_op,2002,MAGOFFIN,4805.0
sales_per_op,2002,MARTIN,9118.0
sales_per_op,2002,MENIFEE,7759.0
sales_per_op,2002,MORGAN,9505.0
sales_per_op,2002,OWSLEY,7531.0
sales_per_op,2002,PERRY,13037.0
sales_per_op,2002,PIKE,3312.0
sales_per_op,2002,POWELL,10394.0
sales_per_op,2002,PULASKI,17712.0
sales_per_op,2002,ROCKCASTLE,11480.0
sales_per_op,2002,ROWAN,12933.0
sales_per_op,2002,WAYNE,50917.0
sales_per_op,2002,WHITLEY,9138.0
sales_per_op,2002,WOLFE,6749.0
sales_per_op,2007,BALLARD,125580.0
sales_per_op,2007,CALLOWAY,78459.0
sales_per_op,2007,CARLISLE,118526.0
sales_per_op,2007,FULTON,240099.0
sales_per_op,2007,GRAVES,143230.0
sales_per_op,2007,HICKMAN,394693.0
sales_per_op,2007,LIVINGSTON,26117.0
sales_per_op,2007,LYON,24697.0
sales_per_op,2007,MCCRACKEN,43422.0
sales_per_op,2007,MARSHALL,35074.0
sales_per_op,2007,TRIGG,58866.0
sales_per_op,2007,CALDWELL,37234.0
sales_per_op,2007,CHRISTIAN,77795.0
sales_per_op,2007,CRITTENDEN,25894.0
sales_per_op,2007,DAVIESS,116687.0
sales_per_op,2007,HANCOCK,27634.0
sales_per_op,2007,HENDERSON,138514.0
sales_per_op,2007,HOPKINS,116791.0
sales_per_op,2007,LOGAN,69102.0
sales_per_op,2007,MCLEAN,384390.0
sales_per_op,2007,MUHLENBERG,77329.0
sales_per_op,2007,OHIO,75167.0
sales_per_op,2007,SIMPSON,95976.0
sales_per_op,2007,TODD,171817.0
sales_per_op,2007,UNION,242919.0
sales_per_op,2007,WEBSTER,174497.0
sales_per_op,2007,ADAIR,33305.0
sales_per_op,2007,ALLEN,43744.0
sales_per_op,2007,BARREN,48772.0
sales_per_op,2007,BRECKINRIDGE,37164.0
sales_per_op,2007,BULLITT,12122.0
sales_per_op,2007,BUTLER,35629.0
sales_per_op,2007,CASEY,20056.0
sales_per_op,2007,CLINTON,48357.0
sales_per_op,2007,CUMBERLAND,15785.0
sales_per_op,2007,EDMONSON,24562.0
sales_per_op,2007,GRAYSON,27225.0
sales_per_op,2007,GREEN,29207.0
sales_per_op,2007,HARDIN,29538.0
sales_per_op,2007,HART,23673.0
sales_per_op,2007,JEFFERSON,23403.0
sales_per_op,2007,LARUE,32774.0
sales_per_op,2007,MARION,37586.0
sales_per_op,2007,MEADE,32370.0
sales_per_op,2007,METCALFE,34608.0
sales_per_op,2007,MONROE,56809.0
sales_per_op,2007,NELSON,38978.0
sales_per_op,2007,RUSSELL,54217.0
sales_per_op,2007,TAYLOR,27983.0
sales_per_op,2007,WARREN,40941.0
sales_per_op,2007,BOONE,25728.0
sales_per_op,2007,BRACKEN,16974.0
sales_per_op,2007,CAMPBELL,10651.0
sales_per_op,2007,CARROLL,16424.0
sales_per_op,2007,GALLATIN,24081.0
sales_per_op,2007,GRANT,9727.0
sales_per_op,2007,HENRY,32455.0
sales_per_op,2007,KENTON,9512.0
sales_per_op,2007,OLDHAM,41799.0
sales_per_op,2007,OWEN,20050.0
sales_per_op,2007,PENDLETON,13608.0
sales_per_op,2007,TRIMBLE,15569.0
sales_per_op,2007,ANDERSON,16847.0
sales_per_op,2007,BATH,22689.0
sales_per_op,2007,BOURBON,195624.0
sales_per_op,2007,BOYLE,37517.0
sales_per_op,2007,CLARK,35694.0
sales_per_op,2007,FAYETTE,622377.0
sales_per_op,2007,FLEMING,31822.0
sales_per_op,2007,FRANKLIN,22449.0
sales_per_op,2007,GARRARD,35273.0
sales_per_op,2007,HARRISON,22180.0
sales_per_op,2007,JESSAMINE,174073.0
sales_per_op,2007,LINCOLN,41110.0
sales_per_op,2007,MADISON,31994.0
sales_per_op,2007,MASON,37745.0
sales_per_op,2007,MERCER,38865.0
sales_per_op,2007,MONTGOMERY,26393.0
sales_per_op,2007,NICHOLAS,26066.0
sales_per_op,2007,ROBERTSON,13238.0
sales_per_op,2007,SCOTT,72546.0
sales_per_op,2007,SHELBY,34520.0
sales_per_op,2007,SPENCER,19361.0
sales_per_op,2007,WASHINGTON,29491.0
sales_per_op,2007,WOODFORD,479014.0
sales_per_op,2007,BELL,4023.0
sales_per_op,2007,BOYD,7157.0
sales_per_op,2007,BREATHITT,8097.0
sales_per_op,2007,CARTER,8774.0
sales_per_op,2007,CLAY,12567.0
sales_per_op,2007,ELLIOTT,5426.0
sales_per_op,2007,ESTILL,9784.0
sales_per_op,2007,FLOYD,9786.0
sales_per_op,2007,GREENUP,5994.0
sales_per_op,2007,HARLAN,2020.0
sales_per_op,2007,JACKSON,9551.0
sales_per_op,2007,JOHNSON,5533.0
sales_per_op,2007,KNOTT,6735.0
sales_per_op,2007,KNOX,8053.0
sales_per_op,2007,LAUREL,14075.0
sales_per_op,2007,LAWRENCE,5018.0
sales_per_op,2007,LEE,6642.0
sales_per_op,2007,LESLIE,1251.0
sales_per_op,2007,LETCHER,2547.0
sales_per_op,2007,LEWIS,14455.0
sales_per_op,2007,MCCREARY,6559.0
sales_per_op,2007,MAGOFFIN,3878.0
sales_per_op,2007,MARTIN,4166.0
sales_per_op,2007,MENIFEE,8153.0
sales_per_op,2007,MORGAN,8516.0
sales_per_op,2007,OWSLEY,6262.0
sales_per_op,2007,PERRY,15222.0
sales_per_op,2007,PIKE,5737.0
sales_per_op,2007,POWELL,10623.0
sales_per_op,2007,PULASKI,21980.0
sales_per_op,2007,ROCKCASTLE,11557.0
sales_per_op,2007,ROWAN,12515.0
sales_per_op,2007,WAYNE,87654.0
sales_per_op,2007,WHITLEY,8192.0
sales_per_op,2007,WOLFE,6359.0
sales_per_op,2012,BALLARD,141206.0
sales_per_op,2012,CALLOWAY,133619.0
sales_per_op,2012,CARLISLE,224937.0
sales_per_op,2012,FULTON,261563.0
sales_per_op,2012,GRAVES,234209.0
sales_per_op,2012,HICKMAN,534357.0
sales_per_op,2012,LIVINGSTON,52898.0
sales_per_op,2012,LYON,30967.0
sales_per_op,2012,MCCRACKEN,49739.0
sales_per_op,2012,MARSHALL,63041.0
sales_per_op,2012,TRIGG,118862.0
sales_per_op,2012,CALDWELL,71561.0
sales_per_op,2012,CHRISTIAN,157625.0
sales_per_op,2012,CRITTENDEN,53312.0
sales_per_op,2012,DAVIESS,210760.0
sales_per_op,2012,HANCOCK,40038.0
sales_per_op,2012,HENDERSON,169023.0
sales_per_op,2012,HOPKINS,147369.0
sales_per_op,2012,LOGAN,127283.0
sales_per_op,2012,MCLEAN,435219.0
sales_per_op,2012,MUHLENBERG,109373.0
sales_per_op,2012,OHIO,104698.0
sales_per_op,2012,SIMPSON,158207.0
sales_per_op,2012,TODD,298916.0
sales_per_op,2012,UNION,311267.0
sales_per_op,2012,WEBSTER,204745.0
sales_per_op,2012,ADAIR,42936.0
sales_per_op,2012,ALLEN,49291.0
sales_per_op,2012,BARREN,60473.0
sales_per_op,2012,BRECKINRIDGE,60994.0
sales_per_op,2012,BULLITT,15873.0
sales_per_op,2012,BUTLER,60822.0
sales_per_op,2012,CASEY,26470.0
sales_per_op,2012,CLINTON,58632.0
sales_per_op,2012,CUMBERLAND,34596.0
sales_per_op,2012,EDMONSON,31700.0
sales_per_op,2012,GRAYSON,32454.0
sales_per_op,2012,GREEN,37304.0
sales_per_op,2012,HARDIN,42704.0
sales_per_op,2012,HART,24409.0
sales_per_op,2012,JEFFERSON,20342.0
sales_per_op,2012,LARUE,58162.0
sales_per_op,2012,MARION,55602.0
sales_per_op,2012,MEADE,48503.0
sales_per_op,2012,METCALFE,37899.0
sales_per_op,2012,MONROE,90021.0
sales_per_op,2012,NELSON,48597.0
sales_per_op,2012,RUSSELL,61330.0
sales_per_op,2012,TAYLOR,43362.0
sales_per_op,2012,WARREN,69602.0
sales_per_op,2012,BOONE,20468.0
sales_per_op,2012,BRACKEN,18547.0
sales_per_op,2012,CAMPBELL,13718.0
sales_per_op,2012,CARROLL,23170.0
sales_per_op,2012,GALLATIN,30547.0
sales_per_op,2012,GRANT,14407.0
sales_per_op,2012,HENRY,35293.0
sales_per_op,2012,KENTON,11475.0
sales_per_op,2012,OLDHAM,35439.0
sales_per_op,2012,OWEN,30298.0
sales_per_op,2012,PENDLETON,14166.0
sales_per_op,2012,TRIMBLE,20738.0
sales_per_op,2012,ANDERSON,18856.0
sales_per_op,2012,BATH,27915.0
sales_per_op,2012,BOURBON,119568.0
sales_per_op,2012,BOYLE,49953.0
sales_per_op,2012,CLARK,39361.0
sales_per_op,2012,FAYETTE,245461.0
sales_per_op,2012,FLEMING,48516.0
sales_per_op,2012,FRANKLIN,33463.0
sales_per_op,2012,GARRARD,47794.0
sales_per_op,2012,HARRISON,33848.0
sales_per_op,2012,JESSAMINE,37446.0
sales_per_op,2012,LINCOLN,47729.0
sales_per_op,2012,MADISON,49656.0
sales_per_op,2012,MASON,48784.0
sales_per_op,2012,MERCER,47495.0
sales_per_op,2012,MONTGOMERY,31209.0
sales_per_op,2012,NICHOLAS,36385.0
sales_per_op,2012,ROBERTSON,16165.0
sales_per_op,2012,SCOTT,46254.0
sales_per_op,2012,SHELBY,50595.0
sales_per_op,2012,SPENCER,29517.0
sales_per_op,2012,WASHINGTON,33402.0
sales_per_op,2012,WOODFORD,107421.0
sales_per_op,2012,BELL,6041.0
sales_per_op,2012,BOYD,8812.0
sales_per_op,2012,BREATHITT,14268.0
sales_per_op,2012,CARTER,12081.0
sales_per_op,2012,CLAY,19167.0
sales_per_op,2012,ELLIOTT,8321.0
sales_per_op,2012,ESTILL,11654.0
sales_per_op,2012,FLOYD,6641.0
sales_per_op,2012,GREENUP,8333.0
sales_per_op,2012,HARLAN,8288.0
sales_per_op,2012,JACKSON,16773.0
sales_per_op,2012,JOHNSON,6562.0
sales_per_op,2012,KNOTT,8515.0
sales_per_op,2012,KNOX,9358.0
sales_per_op,2012,LAUREL,15186.0
sales_per_op,2012,LAWRENCE,5373.0
sales_per_op,2012,LEE,6853.0
sales_per_op,2012,LESLIE,244.0
sales_per_op,2012,LETCHER,2456.0
sales_per_op,2012,LEWIS,18944.0
sales_per_op,2012,MCCREARY,6670.0
sales_per_op,2012,MAGOFFIN,3481.0
sales_per_op,2012,MARTIN,4772.0
sales_per_op,2012,MENIFEE,13082.0
sales_per_op,2012,MORGAN,9939.0
sales_per_op,2012,OWSLEY,9940.0
sales_per_op,2012,PERRY,42073.0
sales_per_op,2012,PIKE,10015.0
sales_per_op,2012,POWELL,10772.0
sales_per_op,2012,PULASKI,37073.0
sales_per_op,2012,ROCKCASTLE,18252.0
sales_per_op,2012,ROWAN,14705.0
sales_per_op,2012,WAYNE,87497.0
sales_per_op,2012,WHITLEY,10851.0
sales_per_op,2012,WOLFE,5721.0
sales_per_op,2017,BALLARD,239366.0
sales_per_op,2017,CALLOWAY,137631.0
sales_per_op,2017,CARLISLE,247680.0
sales_per_op,2017,FULTON,425525.0
sales_per_op,2017,GRAVES,313548.0
sales_per_op,2017,HICKMAN,648820.0
sales_per_op,2017,LIVINGSTON,66176.0
sales_per_op,2017,LYON,32030.0
sales_per_op,2017,MCCRACKEN,90953.0
sales_per_op,2017,MARSHALL,73504.0
sales_per_op,2017,TRIGG,145183.0
sales_per_op,2017,CALDWELL,95036.0
sales_per_op,2017,CHRISTIAN,180541.0
sales_per_op,2017,CRITTENDEN,68289.0
sales_per_op,2017,DAVIESS,202262.0
sales_per_op,2017,HANCOCK,36128.0
sales_per_op,2017,HENDERSON,213312.0
sales_per_op,2017,HOPKINS,182310.0
sales_per_op,2017,LOGAN,141154.0
sales_per_op,2017,MCLEAN,434711.0
sales_per_op,2017,MUHLENBERG,172070.0
sales_per_op,2017,OHIO,166998.0
sales_per_op,2017,SIMPSON,167658.0
sales_per_op,2017,TODD,296151.0
sales_per_op,2017,UNION,383284.0
sales_per_op,2017,WEBSTER,284332.0
sales_per_op,2017,ADAIR,60101.0
sales_per_op,2017,ALLEN,78613.0
sales_per_op,2017,BARREN,66981.0
sales_per_op,2017,BRECKINRIDGE,73279.0
sales_per_op,2017,BULLITT,12849.0
sales_per_op,2017,BUTLER,76221.0
sales_per_op,2017,CASEY,29071.0
sales_per_op,2017,CLINTON,79334.0
sales_per_op,2017,CUMBERLAND,26965.0
sales_per_op,2017,EDMONSON,47499.0
sales_per_op,2017,GRAYSON,44494.0
sales_per_op,2017,GREEN,53020.0
sales_per_op,2017,HARDIN,45396.0
sales_per_op,2017,HART,28583.0
sales_per_op,2017,JEFFERSON,18550.0
sales_per_op,2017,LARUE,57259.0
sales_per_op,2017,MARION,63134.0
sales_per_op,2017,MEADE,58634.0
sales_per_op,2017,METCALFE,45654.0
sales_per_op,2017,MONROE,133949.0
sales_per_op,2017,NELSON,46792.0
sales_per_op,2017,RUSSELL,55822.0
sales_per_op,2017,TAYLOR,57365.0
sales_per_op,2017,WARREN,63189.0
sales_per_op,2017,BOONE,21314.0
sales_per_op,2017,BRACKEN,20189.0
sales_per_op,2017,CAMPBELL,12335.0
sales_per_op,2017,CARROLL,18867.0
sales_per_op,2017,GALLATIN,32937.0
sales_per_op,2017,GRANT,12485.0
sales_per_op,2017,HENRY,39698.0
sales_per_op,2017,KENTON,10651.0
sales_per_op,2017,OLDHAM,39729.0
sales_per_op,2017,OWEN,29107.0
sales_per_op,2017,PENDLETON,10282.0
sales_per_op,2017,TRIMBLE,25823.0
sales_per_op,2017,ANDERSON,15926.0
sales_per_op,2017,BATH,25160.0
sales_per_op,2017,BOURBON,229029.0
sales_per_op,2017,BOYLE,52056.0
sales_per_op,2017,CLARK,39067.0
sales_per_op,2017,FAYETTE,346493.0
sales_per_op,2017,FLEMING,48125.0
sales_per_op,2017,FRANKLIN,31481.0
sales_per_op,2017,GARRARD,44608.0
sales_per_op,2017,HARRISON,30849.0
sales_per_op,2017,JESSAMINE,119028.0
sales_per_op,2017,LINCOLN,54136.0
sales_per_op,2017,MADISON,42593.0
sales_per_op,2017,MASON,46081.0
sales_per_op,2017,MERCER,41428.0
sales_per_op,2017,MONTGOMERY,32462.0
sales_per_op,2017,NICHOLAS,46652.0
sales_per_op,2017,ROBERTSON,14471.0
sales_per_op,2017,SCOTT,60735.0
sales_per_op,2017,SHELBY,46577.0
sales_per_op,2017,SPENCER,30163.0
sales_per_op,2017,WASHINGTON,31208.0
sales_per_op,2017,WOODFORD,192442.0
sales_per_op,2017,BELL,4592.0
sales_per_op,2017,BOYD,5843.0
sales_per_op,2017,BREATHITT,3172.0
sales_per_op,2017,CARTER,9587.0
sales_per_op,2017,CLAY,22401.0
sales_per_op,2017,ELLIOTT,8627.0
sales_per_op,2017,ESTILL,11183.0
sales_per_op,2017,FLOYD,4291.0
sales_per_op,2017,GREENUP,9911.0
sales_per_op,2017,HARLAN,5417.0
sales_per_op,2017,JACKSON,10431.0
sales_per_op,2017,JOHNSON,3153.0
sales_per_op,2017,KNOTT,6579.0
sales_per_op,2017,KNOX,7540.0
sales_per_op,2017,LAUREL,16153.0
sales_per_op,2017,LAWRENCE,4423.0
sales_per_op,2017,LEE,9668.0
sales_per_op,2017,LESLIE,1245.0
sales_per_op,2017,LETCHER,1344.0
sales_per_op,2017,LEWIS,23065.0
sales_per_op,2017,MCCREARY,14739.0
sales_per_op,2017,MAGOFFIN,4269.0
sales_per_op,2017,MARTIN,7144.0
sales_per_op,2017,MENIFEE,8450.0
sales_per_op,2017,MORGAN,8803.0
sales_per_op,2017,OWSLEY,8458.0
sales_per_op,2017,PERRY,5173.0
sales_per_op,2017,PIKE,8751.0
sales_per_op,2017,POWELL,13936.0
sales_per_op,2017,PULASKI,32570.0
sales_per_op,2017,ROCKCASTLE,10741.0
sales_per_op,2017,ROWAN,12605.0
sales_per_op,2017,WAYNE,81655.0
sales_per_op,2017,WHITLEY,11057.0
sales_per_op,2017,WOLFE,5046.0
sales_per_op,2022,BALLARD,323585.0
sales_per_op,2022,CALLOWAY,160919.0
sales_per_op,2022,CARLISLE,520940.0
sales_per_op,2022,FULTON,501795.0
sales_per_op,2022,GRAVES,419623.0
sales_per_op,2022,HICKMAN,879468.0
sales_per_op,2022,LIVINGSTON,129427.0
sales_per_op,2022,LYON,71620.0
sales_per_op,2022,MCCRACKEN,112741.0
sales_per_op,2022,MARSHALL,105318.0
sales_per_op,2022,TRIGG,180826.0
sales_per_op,2022,CALDWELL,152782.0
sales_per_op,2022,CHRISTIAN,240887.0
sales_per_op,2022,CRITTENDEN,126062.0
sales_per_op,2022,DAVIESS,344898.0
sales_per_op,2022,HANCOCK,79942.0
sales_per_op,2022,HENDERSON,340507.0
sales_per_op,2022,HOPKINS,338775.0
sales_per_op,2022,LOGAN,221319.0
sales_per_op,2022,MCLEAN,815008.0
sales_per_op,2022,MUHLENBERG,255615.0
sales_per_op,2022,OHIO,230575.0
sales_per_op,2022,SIMPSON,277602.0
sales_per_op,2022,TODD,407353.0
sales_per_op,2022,UNION,660726.0
sales_per_op,2022,WEBSTER,515848.0
sales_per_op,2022,ADAIR,96180.0
sales_per_op,2022,ALLEN,84419.0
sales_per_op,2022,BARREN,111863.0
sales_per_op,2022,BRECKINRIDGE,94429.0
sales_per_op,2022,BULLITT,22286.0
sales_per_op,2022,BUTLER,98677.0
sales_per_op,2022,CASEY,49689.0
sales_per_op,2022,CLINTON,129170.0
sales_per_op,2022,CUMBERLAND,26172.0
sales_per_op,2022,EDMONSON,107569.0
sales_per_op,2022,GRAYSON,64461.0
sales_per_op,2022,GREEN,87332.0
sales_per_op,2022,HARDIN,64557.0
sales_per_op,2022,HART,40249.0
sales_per_op,2022,JEFFERSON,16591.0
sales_per_op,2022,LARUE,86323.0
sales_per_op,2022,MARION,85489.0
sales_per_op,2022,MEADE,75851.0
sales_per_op,2022,METCALFE,62924.0
sales_per_op,2022,MONROE,161281.0
sales_per_op,2022,NELSON,64043.0
sales_per_op,2022,RUSSELL,85902.0
sales_per_op,2022,TAYLOR,88534.0
sales_per_op,2022,WARREN,105009.0
sales_per_op,2022,BOONE,20346.0
sales_per_op,2022,BRACKEN,22265.0
sales_per_op,2022,CAMPBELL,11725.0
sales_per_op,2022,CARROLL,20330.0
sales_per_op,2022,GALLATIN,72113.0
sales_per_op,2022,GRANT,12232.0
sales_per_op,2022,HENRY,42827.0
sales_per_op,2022,KENTON,8982.0
sales_per_op,2022,OLDHAM,85903.0
sales_per_op,2022,OWEN,51132.0
sales_per_op,2022,PENDLETON,11794.0
sales_per_op,2022,TRIMBLE,23055.0
sales_per_op,2022,ANDERSON,19006.0
sales_per_op,2022,BATH,40264.0
sales_per_op,2022,BOURBON,296476.0
sales_per_op,2022,BOYLE,111491.0
sales_per_op,2022,CLARK,56403.0
sales_per_op,2022,FAYETTE,488418.0
sales_per_op,2022,FLEMING,54470.0
sales_per_op,2022,FRANKLIN,38995.0
sales_per_op,2022,GARRARD,57072.0
sales_per_op,2022,HARRISON,33578.0
sales_per_op,2022,JESSAMINE,125399.0
sales_per_op,2022,LINCOLN,84855.0
sales_per_op,2022,MADISON,54656.0
sales_per_op,2022,MASON,75716.0
sales_per_op,2022,MERCER,59022.0
sales_per_op,2022,MONTGOMERY,29731.0
sales_per_op,2022,NICHOLAS,68482.0
sales_per_op,2022,ROBERTSON,18087.0
sales_per_op,2022,SCOTT,100825.0
sales_per_op,2022,SHELBY,67962.0
sales_per_op,2022,SPENCER,25471.0
sales_per_op,2022,WASHINGTON,47184.0
sales_per_op,2022,WOODFORD,342774.0
sales_per_op,2022,BELL,16625.0
sales_per_op,2022,BOYD,5710.0
sales_per_op,2022,BREATHITT,9274.0
sales_per_op,2022,CARTER,11596.0
sales_per_op,2022,CLAY,20671.0
sales_per_op,2022,ELLIOTT,9789.0
sales_per_op,2022,ESTILL,10449.0
sales_per_op,2022,FLOYD,5358.0
sales_per_op,2022,GREENUP,13903.0
sales_per_op,2022,HARLAN,15590.0
sales_per_op,2022,JACKSON,15115.0
sales_per_op,2022,JOHNSON,9058.0
sales_per_op,2022,KNOTT,10545.0
sales_per_op,2022,KNOX,9161.0
sales_per_op,2022,LAUREL,19505.0
sales_per_op,2022,LAWRENCE,7460.0
sales_per_op,2022,LEE,7466.0
sales_per_op,2022,LESLIE,8638.0
sales_per_op,2022,LETCHER,9158.0
sales_per_op,2022,LEWIS,33296.0
sales_per_op,2022,MCCREARY,8498.0
sales_per_op,2022,MAGOFFIN,6072.0
sales_per_op,2022,MARTIN,7979.0
sales_per_op,2022,MENIFEE,12290.0
sales_per_op,2022,MORGAN,10144.0
sales_per_op,2022,OWSLEY,17317.0
sales_per_op,2022,PERRY,13780.0
sales_per_op,2022,PIKE,20873.0
sales_per_op,2022,POWELL,31491.0
sales_per_op,2022,PULASKI,50320.0
sales_per_op,2022,ROCKCASTLE,17872.0
sales_per_op,2022,ROWAN,20914.0
sales_per_op,2022,WAYNE,111485.0
sales_per_op,2022,WHITLEY,12906.0
sales_per_op,2022,WOLFE,8609.0
govt_per_op,2002,BALLARD,6428.0
govt_per_op,2002,CALLOWAY,6083.0
govt_per_op,2002,CARLISLE,9011.0
govt_per_op,2002,FULTON,10464.0
govt_per_op,2002,GRAVES,5756.0
govt_per_op,2002,HICKMAN,8229.0
govt_per_op,2002,LIVINGSTON,5097.0
govt_per_op,2002,LYON,4694.0
govt_per_op,2002,MCCRACKEN,4553.0
govt_per_op,2002,MARSHALL,3498.0
govt_per_op,2002,TRIGG,6330.0
govt_per_op,2002,CALDWELL,4735.0
govt_per_op,2002,CHRISTIAN,8539.0
govt_per_op,2002,CRITTENDEN,5322.0
govt_per_op,2002,DAVIESS,8279.0
govt_per_op,2002,HANCOCK,4167.0
govt_per_op,2002,HENDERSON,13279.0
govt_per_op,2002,HOPKINS,6050.0
govt_per_op,2002,LOGAN,7675.0
govt_per_op,2002,MCLEAN,6114.0
govt_per_op,2002,MUHLENBERG,6842.0
govt_per_op,2002,OHIO,3105.0
govt_per_op,2002,SIMPSON,5907.0
govt_per_op,2002,TODD,6605.0
govt_per_op,2002,UNION,18506.0
govt_per_op,2002,WEBSTER,8130.0
govt_per_op,2002,ADAIR,2746.0
govt_per_op,2002,ALLEN,1925.0
govt_per_op,2002,BARREN,3934.0
govt_per_op,2002,BRECKINRIDGE,3533.0
govt_per_op,2002,BULLITT,2855.0
govt_per_op,2002,BUTLER,3427.0
govt_per_op,2002,CASEY,2561.0
govt_per_op,2002,CLINTON,1335.0
govt_per_op,2002,CUMBERLAND,911.0
govt_per_op,2002,EDMONSON,1616.0
govt_per_op,2002,GRAYSON,3329.0
govt_per_op,2002,GREEN,1714.0
govt_per_op,2002,HARDIN,3668.0
govt_per_op,2002,HART,2321.0
govt_per_op,2002,JEFFERSON,2440.0
govt_per_op,2002,LARUE,4737.0
govt_per_op,2002,MARION,3904.0
govt_per_op,2002,MEADE,2749.0
govt_per_op,2002,METCALFE,2767.0
govt_per_op,2002,MONROE,2974.0
govt_per_op,2002,NELSON,3273.0
govt_per_op,2002,RUSSELL,2607.0
govt_per_op,2002,TAYLOR,2179.0
govt_per_op,2002,WARREN,4752.0
govt_per_op,2002,BOONE,2430.0
govt_per_op,2002,BRACKEN,2379.0
govt_per_op,2002,CAMPBELL,1258.0
govt_per_op,2002,CARROLL,1021.0
govt_per_op,2002,GALLATIN,2017.0
govt_per_op,2002,GRANT,1170.0
govt_per_op,2002,HENRY,2327.0
govt_per_op,2002,KENTON,1680.0
govt_per_op,2002,OLDHAM,5753.0
govt_per_op,2002,OWEN,1920.0
govt_per_op,2002,PENDLETON,1887.0
govt_per_op,2002,TRIMBLE,1162.0
govt_per_op,2002,ANDERSON,1879.0
govt_per_op,2002,BATH,2443.0
govt_per_op,2002,BOURBON,4496.0
govt_per_op,2002,BOYLE,3499.0
govt_per_op,2002,CLARK,2751.0
govt_per_op,2002,FAYETTE,3492.0
govt_per_op,2002,FLEMING,3129.0
govt_per_op,2002,FRANKLIN,1320.0
govt_per_op,2002,GARRARD,1618.0
govt_per_op,2002,HARRISON,1662.0
govt_per_op,2002,JESSAMINE,1831.0
govt_per_op,2002,LINCOLN,3210.0
govt_per_op,2002,MADISON,1833.0
govt_per_op,2002,MASON,3570.0
govt_per_op,2002,MERCER,2218.0
govt_per_op,2002,MONTGOMERY,1810.0
govt_per_op,2002,NICHOLAS,2199.0
govt_per_op,2002,ROBERTSON,1637.0
govt_per_op,2002,SCOTT,2378.0
govt_per_op,2002,SHELBY,4761.0
govt_per_op,2002,SPENCER,2399.0
govt_per_op,2002,WASHINGTON,2090.0
govt_per_op,2002,WOODFORD,2410.0
govt_per_op,2002,BELL,335.0
govt_per_op,2002,BOYD,980.0
govt_per_op,2002,BREATHITT,502.0
govt_per_op,2002,CARTER,567.0
govt_per_op,2002,CLAY,979.0
govt_per_op,2002,ELLIOTT,836.0
govt_per_op,2002,ESTILL,1103.0
govt_per_op,2002,FLOYD,
govt_per_op,2002,GREENUP,584.0
govt_per_op,2002,JACKSON,1595.0
govt_per_op,2002,JOHNSON,378.0
govt_per_op,2002,KNOTT,
govt_per_op,2002,KNOX,2802.0
govt_per_op,2002,LAUREL,1812.0
govt_per_op,2002,LAWRENCE,854.0
govt_per_op,2002,LEE,659.0
govt_per_op,2002,LETCHER,176.0
govt_per_op,2002,LEWIS,1896.0
govt_per_op,2002,MCCREARY,403.0
govt_per_op,2002,MAGOFFIN,745.0
govt_per_op,2002,MARTIN,
govt_per_op,2002,MENIFEE,1069.0
govt_per_op,2002,MORGAN,1205.0
govt_per_op,2002,OWSLEY,1502.0
govt_per_op,2002,PERRY,461.0
govt_per_op,2002,PIKE,
govt_per_op,2002,POWELL,1517.0
govt_per_op,2002,PULASKI,2556.0
govt_per_op,2002,ROCKCASTLE,1071.0
govt_per_op,2002,ROWAN,892.0
govt_per_op,2002,WAYNE,1538.0
govt_per_op,2002,WHITLEY,1158.0
govt_per_op,2002,WOLFE,1324.0
govt_per_op,2007,BALLARD,5585.0
govt_per_op,2007,CALLOWAY,5056.0
govt_per_op,2007,CARLISLE,4815.0
govt_per_op,2007,FULTON,11658.0
govt_per_op,2007,GRAVES,6046.0
govt_per_op,2007,HICKMAN,8571.0
govt_per_op,2007,LIVINGSTON,4405.0
govt_per_op,2007,LYON,4180.0
govt_per_op,2007,MCCRACKEN,3313.0
govt_per_op,2007,MARSHALL,3147.0
govt_per_op,2007,TRIGG,6377.0
govt_per_op,2007,CALDWELL,4180.0
govt_per_op,2007,CHRISTIAN,7829.0
govt_per_op,2007,CRITTENDEN,5344.0
govt_per_op,2007,DAVIESS,5579.0
govt_per_op,2007,HANCOCK,2924.0
govt_per_op,2007,HENDERSON,7971.0
govt_per_op,2007,HOPKINS,5189.0
govt_per_op,2007,LOGAN,6170.0
govt_per_op,2007,MCLEAN,5686.0
govt_per_op,2007,MUHLENBERG,4044.0
govt_per_op,2007,OHIO,2831.0
govt_per_op,2007,SIMPSON,5178.0
govt_per_op,2007,TODD,6874.0
govt_per_op,2007,UNION,16242.0
govt_per_op,2007,WEBSTER,6768.0
govt_per_op,2007,ADAIR,1736.0
govt_per_op,2007,ALLEN,2575.0
govt_per_op,2007,BARREN,2835.0
govt_per_op,2007,BRECKINRIDGE,3113.0
govt_per_op,2007,BULLITT,2341.0
govt_per_op,2007,BUTLER,4268.0
govt_per_op,2007,CASEY,1226.0
govt_per_op,2007,CLINTON,1589.0
govt_per_op,2007,CUMBERLAND,1141.0
govt_per_op,2007,EDMONSON,2100.0
govt_per_op,2007,GRAYSON,2814.0
govt_per_op,2007,GREEN,2259.0
govt_per_op,2007,HARDIN,3129.0
govt_per_op,2007,HART,1820.0
govt_per_op,2007,JEFFERSON,2718.0
govt_per_op,2007,LARUE,2858.0
govt_per_op,2007,MARION,2537.0
govt_per_op,2007,MEADE,2967.0
govt_per_op,2007,METCALFE,2046.0
govt_per_op,2007,MONROE,2429.0
govt_per_op,2007,NELSON,2578.0
govt_per_op,2007,RUSSELL,2190.0
govt_per_op,2007,TAYLOR,2481.0
govt_per_op,2007,WARREN,4023.0
govt_per_op,2007,BOONE,1557.0
govt_per_op,2007,BRACKEN,1973.0
govt_per_op,2007,CAMPBELL,1375.0
govt_per_op,2007,CARROLL,2003.0
govt_per_op,2007,GALLATIN,1112.0
govt_per_op,2007,GRANT,1372.0
govt_per_op,2007,HENRY,2972.0
govt_per_op,2007,KENTON,1638.0
govt_per_op,2007,OLDHAM,3017.0
govt_per_op,2007,OWEN,1355.0
govt_per_op,2007,PENDLETON,2030.0
govt_per_op,2007,TRIMBLE,2023.0
govt_per_op,2007,ANDERSON,2688.0
govt_per_op,2007,BATH,1728.0
govt_per_op,2007,BOURBON,3202.0
govt_per_op,2007,BOYLE,2203.0
govt_per_op,2007,CLARK,2259.0
govt_per_op,2007,FAYETTE,3412.0
govt_per_op,2007,FLEMING,1264.0
govt_per_op,2007,FRANKLIN,2018.0
govt_per_op,2007,GARRARD,1627.0
govt_per_op,2007,HARRISON,2024.0
govt_per_op,2007,JESSAMINE,2308.0
govt_per_op,2007,LINCOLN,2319.0
govt_per_op,2007,MADISON,1873.0
govt_per_op,2007,MASON,2549.0
govt_per_op,2007,MERCER,4511.0
govt_per_op,2007,MONTGOMERY,2752.0
govt_per_op,2007,NICHOLAS,2458.0
govt_per_op,2007,ROBERTSON,2906.0
govt_per_op,2007,SCOTT,2197.0
govt_per_op,2007,SHELBY,4953.0
govt_per_op,2007,SPENCER,2010.0
govt_per_op,2007,WASHINGTON,2138.0
govt_per_op,2007,WOODFORD,3555.0
govt_per_op,2007,BELL,
govt_per_op,2007,BOYD,725.0
govt_per_op,2007,BREATHITT,1159.0
govt_per_op,2007,CARTER,1585.0
govt_per_op,2007,CLAY,1257.0
govt_per_op,2007,ELLIOTT,1803.0
govt_per_op,2007,ESTILL,1606.0
govt_per_op,2007,FLOYD,583.0
govt_per_op,2007,GREENUP,1041.0
govt_per_op,2007,JACKSON,1456.0
govt_per_op,2007,JOHNSON,1447.0
govt_per_op,2007,KNOX,1074.0
govt_per_op,2007,LAUREL,1264.0
govt_per_op,2007,LAWRENCE,805.0
govt_per_op,2007,LEE,2465.0
govt_per_op,2007,LETCHER,
govt_per_op,2007,LEWIS,1333.0
govt_per_op,2007,MCCREARY,723.0
govt_per_op,2007,MAGOFFIN,943.0
govt_per_op,2007,MENIFEE,1795.0
govt_per_op,2007,MORGAN,1060.0
govt_per_op,2007,OWSLEY,2019.0
govt_per_op,2007,PERRY,
govt_per_op,2007,PIKE,293.0
govt_per_op,2007,POWELL,1323.0
govt_per_op,2007,PULASKI,1534.0
govt_per_op,2007,ROCKCASTLE,1463.0
govt_per_op,2007,ROWAN,1252.0
govt_per_op,2007,WAYNE,2054.0
govt_per_op,2007,WHITLEY,805.0
govt_per_op,2007,WOLFE,2828.0
govt_per_op,2012,BALLARD,7203.0
govt_per_op,2012,CALLOWAY,9881.0
govt_per_op,2012,CARLISLE,9317.0
govt_per_op,2012,FULTON,19822.0
govt_per_op,2012,GRAVES,7753.0
govt_per_op,2012,HICKMAN,12741.0
govt_per_op,2012,LIVINGSTON,7469.0
govt_per_op,2012,LYON,4878.0
govt_per_op,2012,MCCRACKEN,3996.0
govt_per_op,2012,MARSHALL,5006.0
govt_per_op,2012,TRIGG,8229.0
govt_per_op,2012,CALDWELL,6985.0
govt_per_op,2012,CHRISTIAN,10980.0
govt_per_op,2012,CRITTENDEN,8907.0
govt_per_op,2012,DAVIESS,7221.0
govt_per_op,2012,HANCOCK,2928.0
govt_per_op,2012,HENDERSON,11101.0
govt_per_op,2012,HOPKINS,7828.0
govt_per_op,2012,LOGAN,9517.0
govt_per_op,2012,MCLEAN,8280.0
govt_per_op,2012,MUHLENBERG,7693.0
govt_per_op,2012,OHIO,3110.0
govt_per_op,2012,SIMPSON,8912.0
govt_per_op,2012,TODD,9758.0
govt_per_op,2012,UNION,15626.0
govt_per_op,2012,WEBSTER,11801.0
govt_per_op,2012,ADAIR,3507.0
govt_per_op,2012,ALLEN,4346.0
govt_per_op,2012,BARREN,5583.0
govt_per_op,2012,BRECKINRIDGE,4277.0
govt_per_op,2012,BULLITT,3298.0
govt_per_op,2012,BUTLER,6054.0
govt_per_op,2012,CASEY,2936.0
govt_per_op,2012,CLINTON,2426.0
govt_per_op,2012,CUMBERLAND,2176.0
govt_per_op,2012,EDMONSON,6852.0
govt_per_op,2012,GRAYSON,4084.0
govt_per_op,2012,GREEN,4529.0
govt_per_op,2012,HARDIN,3691.0
govt_per_op,2012,HART,5598.0
govt_per_op,2012,JEFFERSON,4168.0
govt_per_op,2012,LARUE,4164.0
govt_per_op,2012,MARION,2360.0
govt_per_op,2012,MEADE,3632.0
govt_per_op,2012,METCALFE,5253.0
govt_per_op,2012,MONROE,3892.0
govt_per_op,2012,NELSON,4559.0
govt_per_op,2012,RUSSELL,5598.0
govt_per_op,2012,TAYLOR,2842.0
govt_per_op,2012,WARREN,9582.0
govt_per_op,2012,BOONE,2832.0
govt_per_op,2012,BRACKEN,3655.0
govt_per_op,2012,CAMPBELL,2184.0
govt_per_op,2012,CARROLL,3050.0
govt_per_op,2012,GALLATIN,3227.0
govt_per_op,2012,GRANT,2927.0
govt_per_op,2012,HENRY,3741.0
govt_per_op,2012,KENTON,2402.0
govt_per_op,2012,OLDHAM,3849.0
govt_per_op,2012,OWEN,3759.0
govt_per_op,2012,PENDLETON,2921.0
govt_per_op,2012,TRIMBLE,2775.0
govt_per_op,2012,ANDERSON,4030.0
govt_per_op,2012,BATH,3629.0
govt_per_op,2012,BOURBON,5338.0
govt_per_op,2012,BOYLE,3301.0
govt_per_op,2012,CLARK,3543.0
govt_per_op,2012,FAYETTE,6132.0
govt_per_op,2012,FLEMING,2359.0
govt_per_op,2012,FRANKLIN,3018.0
govt_per_op,2012,GARRARD,2656.0
govt_per_op,2012,HARRISON,3045.0
govt_per_op,2012,JESSAMINE,3550.0
govt_per_op,2012,LINCOLN,3212.0
govt_per_op,2012,MADISON,1483.0
govt_per_op,2012,MASON,5054.0
govt_per_op,2012,MERCER,4341.0
govt_per_op,2012,MONTGOMERY,2450.0
govt_per_op,2012,NICHOLAS,3471.0
govt_per_op,2012,ROBERTSON,4166.0
govt_per_op,2012,SCOTT,4468.0
govt_per_op,2012,SHELBY,4777.0
govt_per_op,2012,SPENCER,2156.0
govt_per_op,2012,WASHINGTON,5788.0
govt_per_op,2012,WOODFORD,5221.0
govt_per_op,2012,BELL,1200.0
govt_per_op,2012,BOYD,1592.0
govt_per_op,2012,BREATHITT,4085.0
govt_per_op,2012,CARTER,2126.0
govt_per_op,2012,CLAY,2954.0
govt_per_op,2012,ELLIOTT,4060.0
govt_per_op,2012,ESTILL,2147.0
govt_per_op,2012,FLOYD,
govt_per_op,2012,GREENUP,1547.0
govt_per_op,2012,HARLAN,
govt_per_op,2012,JACKSON,2269.0
govt_per_op,2012,JOHNSON,1971.0
govt_per_op,2012,KNOTT,
govt_per_op,2012,KNOX,3965.0
govt_per_op,2012,LAUREL,1818.0
govt_per_op,2012,LAWRENCE,874.0
govt_per_op,2012,LEE,2003.0
govt_per_op,2012,LESLIE,1072.0
govt_per_op,2012,LEWIS,2888.0
govt_per_op,2012,MCCREARY,1244.0
govt_per_op,2012,MAGOFFIN,1991.0
govt_per_op,2012,MENIFEE,2060.0
govt_per_op,2012,MORGAN,2237.0
govt_per_op,2012,OWSLEY,3396.0
govt_per_op,2012,PERRY,
govt_per_op,2012,PIKE,
govt_per_op,2012,POWELL,1669.0
govt_per_op,2012,PULASKI,2433.0
govt_per_op,2012,ROCKCASTLE,2521.0
govt_per_op,2012,ROWAN,2360.0
govt_per_op,2012,WAYNE,1778.0
govt_per_op,2012,WHITLEY,1166.0
govt_per_op,2012,WOLFE,2789.0
govt_per_op,2017,BALLARD,11248.0
govt_per_op,2017,CALLOWAY,7219.0
govt_per_op,2017,CARLISLE,9001.0
govt_per_op,2017,FULTON,21150.0
govt_per_op,2017,GRAVES,9135.0
govt_per_op,2017,HICKMAN,19604.0
govt_per_op,2017,LIVINGSTON,7000.0
govt_per_op,2017,LYON,6512.0
govt_per_op,2017,MCCRACKEN,7823.0
govt_per_op,2017,MARSHALL,4069.0
govt_per_op,2017,TRIGG,18948.0
govt_per_op,2017,CALDWELL,13169.0
govt_per_op,2017,CHRISTIAN,12736.0
govt_per_op,2017,CRITTENDEN,9333.0
govt_per_op,2017,DAVIESS,10734.0
govt_per_op,2017,HANCOCK,3774.0
govt_per_op,2017,HENDERSON,19503.0
govt_per_op,2017,HOPKINS,7946.0
govt_per_op,2017,LOGAN,13849.0
govt_per_op,2017,MCLEAN,9180.0
govt_per_op,2017,MUHLENBERG,7225.0
govt_per_op,2017,OHIO,7543.0
govt_per_op,2017,SIMPSON,8660.0
govt_per_op,2017,TODD,8343.0
govt_per_op,2017,UNION,30104.0
govt_per_op,2017,WEBSTER,14015.0
govt_per_op,2017,ADAIR,5543.0
govt_per_op,2017,ALLEN,9116.0
govt_per_op,2017,BARREN,4472.0
govt_per_op,2017,BRECKINRIDGE,6275.0
govt_per_op,2017,BULLITT,3417.0
govt_per_op,2017,BUTLER,10912.0
govt_per_op,2017,CASEY,2270.0
govt_per_op,2017,CLINTON,3930.0
govt_per_op,2017,CUMBERLAND,3564.0
govt_per_op,2017,EDMONSON,7665.0
govt_per_op,2017,GRAYSON,5505.0
govt_per_op,2017,GREEN,7828.0
govt_per_op,2017,HARDIN,6169.0
govt_per_op,2017,HART,9220.0
govt_per_op,2017,JEFFERSON,9882.0
govt_per_op,2017,LARUE,6665.0
govt_per_op,2017,MARION,2590.0
govt_per_op,2017,MEADE,7279.0
govt_per_op,2017,METCALFE,5633.0
govt_per_op,2017,MONROE,3426.0
govt_per_op,2017,NELSON,6438.0
govt_per_op,2017,RUSSELL,3283.0
govt_per_op,2017,TAYLOR,5069.0
govt_per_op,2017,WARREN,14347.0
govt_per_op,2017,BOONE,6777.0
govt_per_op,2017,BRACKEN,1585.0
govt_per_op,2017,CAMPBELL,1317.0
govt_per_op,2017,CARROLL,4385.0
govt_per_op,2017,GALLATIN,568.0
govt_per_op,2017,GRANT,1346.0
govt_per_op,2017,HENRY,2498.0
govt_per_op,2017,KENTON,1417.0
govt_per_op,2017,OLDHAM,11459.0
govt_per_op,2017,OWEN,3358.0
govt_per_op,2017,PENDLETON,1405.0
govt_per_op,2017,TRIMBLE,9139.0
govt_per_op,2017,ANDERSON,7260.0
govt_per_op,2017,BATH,4820.0
govt_per_op,2017,BOURBON,4237.0
govt_per_op,2017,BOYLE,3345.0
govt_per_op,2017,CLARK,3280.0
govt_per_op,2017,FAYETTE,9148.0
govt_per_op,2017,FLEMING,1663.0
govt_per_op,2017,FRANKLIN,15128.0
govt_per_op,2017,GARRARD,3522.0
govt_per_op,2017,HARRISON,2208.0
govt_per_op,2017,JESSAMINE,7436.0
govt_per_op,2017,LINCOLN,3945.0
govt_per_op,2017,MADISON,2066.0
govt_per_op,2017,MASON,3238.0
govt_per_op,2017,MERCER,14741.0
govt_per_op,2017,MONTGOMERY,1320.0
govt_per_op,2017,NICHOLAS,2900.0
govt_per_op,2017,ROBERTSON,1687.0
govt_per_op,2017,SCOTT,3855.0
govt_per_op,2017,SHELBY,7095.0
govt_per_op,2017,SPENCER,5669.0
govt_per_op,2017,WASHINGTON,2284.0
govt_per_op,2017,WOODFORD,6298.0
govt_per_op,2017,BELL,1003.0
govt_per_op,2017,BOYD,795.0
govt_per_op,2017,BREATHITT,965.0
govt_per_op,2017,CARTER,4237.0
govt_per_op,2017,CLAY,1014.0
govt_per_op,2017,ELLIOTT,2007.0
govt_per_op,2017,ESTILL,2135.0
govt_per_op,2017,FLOYD,
govt_per_op,2017,GREENUP,6294.0
govt_per_op,2017,HARLAN,
govt_per_op,2017,JACKSON,1575.0
govt_per_op,2017,JOHNSON,1253.0
govt_per_op,2017,KNOX,4536.0
govt_per_op,2017,LAUREL,2197.0
govt_per_op,2017,LAWRENCE,1859.0
govt_per_op,2017,LEE,1951.0
govt_per_op,2017,LEWIS,4628.0
govt_per_op,2017,MCCREARY,1196.0
govt_per_op,2017,MAGOFFIN,614.0
govt_per_op,2017,MENIFEE,1233.0
govt_per_op,2017,MORGAN,3024.0
govt_per_op,2017,OWSLEY,5159.0
govt_per_op,2017,PERRY,
govt_per_op,2017,POWELL,2025.0
govt_per_op,2017,PULASKI,1769.0
govt_per_op,2017,ROCKCASTLE,2420.0
govt_per_op,2017,ROWAN,2180.0
govt_per_op,2017,WAYNE,3466.0
govt_per_op,2017,WHITLEY,2751.0
govt_per_op,2017,WOLFE,622.0
govt_per_op,2022,BALLARD,6619.0
govt_per_op,2022,CALLOWAY,7458.0
govt_per_op,2022,CARLISLE,7548.0
govt_per_op,2022,FULTON,11988.0
govt_per_op,2022,GRAVES,9246.0
govt_per_op,2022,HICKMAN,17262.0
govt_per_op,2022,LIVINGSTON,7687.0
govt_per_op,2022,LYON,6660.0
govt_per_op,2022,MCCRACKEN,7190.0
govt_per_op,2022,MARSHALL,6310.0
govt_per_op,2022,TRIGG,17340.0
govt_per_op,2022,CALDWELL,12995.0
govt_per_op,2022,CHRISTIAN,16303.0
govt_per_op,2022,CRITTENDEN,9242.0
govt_per_op,2022,DAVIESS,8362.0
govt_per_op,2022,HANCOCK,4790.0
govt_per_op,2022,HENDERSON,11019.0
govt_per_op,2022,HOPKINS,18404.0
govt_per_op,2022,LOGAN,13356.0
govt_per_op,2022,MCLEAN,6172.0
govt_per_op,2022,MUHLENBERG,12543.0
govt_per_op,2022,OHIO,19018.0
govt_per_op,2022,SIMPSON,16082.0
govt_per_op,2022,TODD,11332.0
govt_per_op,2022,UNION,16047.0
govt_per_op,2022,WEBSTER,8680.0
govt_per_op,2022,ADAIR,9254.0
govt_per_op,2022,ALLEN,14142.0
govt_per_op,2022,BARREN,30438.0
govt_per_op,2022,BRECKINRIDGE,10548.0
govt_per_op,2022,BULLITT,21363.0
govt_per_op,2022,BUTLER,7700.0
govt_per_op,2022,CASEY,8266.0
govt_per_op,2022,CLINTON,6897.0
govt_per_op,2022,CUMBERLAND,5986.0
govt_per_op,2022,EDMONSON,9395.0
govt_per_op,2022,GRAYSON,9372.0
govt_per_op,2022,GREEN,13667.0
govt_per_op,2022,HARDIN,11218.0
govt_per_op,2022,HART,11950.0
govt_per_op,2022,JEFFERSON,3318.0
govt_per_op,2022,LARUE,12975.0
govt_per_op,2022,MARION,7339.0
govt_per_op,2022,MEADE,6201.0
govt_per_op,2022,METCALFE,12450.0
govt_per_op,2022,MONROE,15847.0
govt_per_op,2022,NELSON,10604.0
govt_per_op,2022,RUSSELL,4596.0
govt_per_op,2022,TAYLOR,13925.0
govt_per_op,2022,WARREN,14939.0
govt_per_op,2022,BOONE,4857.0
govt_per_op,2022,BRACKEN,3871.0
govt_per_op,2022,CAMPBELL,
govt_per_op,2022,CARROLL,4495.0
govt_per_op,2022,GALLATIN,28299.0
govt_per_op,2022,GRANT,1718.0
govt_per_op,2022,HENRY,5679.0
govt_per_op,2022,KENTON,
govt_per_op,2022,OLDHAM,2035.0
govt_per_op,2022,OWEN,9752.0
govt_per_op,2022,PENDLETON,3510.0
govt_per_op,2022,TRIMBLE,5191.0
govt_per_op,2022,ANDERSON,11855.0
govt_per_op,2022,BATH,6259.0
govt_per_op,2022,BOURBON,5758.0
govt_per_op,2022,BOYLE,4951.0
govt_per_op,2022,CLARK,4387.0
govt_per_op,2022,FAYETTE,7841.0
govt_per_op,2022,FLEMING,7071.0
govt_per_op,2022,FRANKLIN,5339.0
govt_per_op,2022,GARRARD,10622.0
govt_per_op,2022,HARRISON,4992.0
govt_per_op,2022,JESSAMINE,6975.0
govt_per_op,2022,LINCOLN,5260.0
govt_per_op,2022,MADISON,3749.0
govt_per_op,2022,MASON,12491.0
govt_per_op,2022,MERCER,15267.0
govt_per_op,2022,MONTGOMERY,5994.0
govt_per_op,2022,NICHOLAS,21449.0
govt_per_op,2022,ROBERTSON,2982.0
govt_per_op,2022,SCOTT,5738.0
govt_per_op,2022,SHELBY,7945.0
govt_per_op,2022,SPENCER,11736.0
govt_per_op,2022,WASHINGTON,2004.0
govt_per_op,2022,WOODFORD,6441.0
govt_per_op,2022,BOYD,1156.0
govt_per_op,2022,BREATHITT,3023.0
govt_per_op,2022,CARTER,4452.0
govt_per_op,2022,CLAY,7449.0
govt_per_op,2022,ELLIOTT,2967.0
govt_per_op,2022,ESTILL,10517.0
govt_per_op,2022,FLOYD,627.0
govt_per_op,2022,GREENUP,2654.0
govt_per_op,2022,HARLAN,
govt_per_op,2022,JACKSON,9794.0
govt_per_op,2022,JOHNSON,2618.0
govt_per_op,2022,KNOTT,17400.0
govt_per_op,2022,KNOX,4051.0
govt_per_op,2022,LAUREL,6797.0
govt_per_op,2022,LAWRENCE,3091.0
govt_per_op,2022,LEE,3640.0
govt_per_op,2022,LESLIE,2500.0
govt_per_op,2022,LETCHER,5200.0
govt_per_op,2022,LEWIS,4127.0
govt_per_op,2022,MCCREARY,
govt_per_op,2022,MAGOFFIN,3254.0
govt_per_op,2022,MENIFEE,3265.0
govt_per_op,2022,MORGAN,3651.0
govt_per_op,2022,OWSLEY,3939.0
govt_per_op,2022,PERRY,1627.0
govt_per_op,2022,PIKE,
govt_per_op,2022,POWELL,24739.0
govt_per_op,2022,PULASKI,7108.0
govt_per_op,2022,ROCKCASTLE,4638.0
govt_per_op,2022,ROWAN,3354.0
govt_per_op,2022,WAYNE,4635.0
govt_per_op,2022,WHITLEY,5395.0
govt_per_op,2022,WOLFE,2013.0
cropland_acres,2002,BALLARD,89783.0
cropland_acres,2002,CALLOWAY,131122.0
cropland_acres,2002,CARLISLE,84237.0
cropland_acres,2002,FULTON,100727.0
cropland_acres,2002,GRAVES,225309.0
cropland_acres,2002,HICKMAN,102117.0
cropland_acres,2002,LIVINGSTON,86996.0
cropland_acres,2002,LYON,35686.0
cropland_acres,2002,MCCRACKEN,67520.0
cropland_acres,2002,MARSHALL,81731.0
cropland_acres,2002,TRIGG,74927.0
cropland_acres,2002,CALDWELL,98145.0
cropland_acres,2002,CHRISTIAN,238403.0
cropland_acres,2002,CRITTENDEN,89437.0
cropland_acres,2002,DAVIESS,214561.0
cropland_acres,2002,HANCOCK,39027.0
cropland_acres,2002,HENDERSON,165864.0
cropland_acres,2002,HOPKINS,107723.0
cropland_acres,2002,LOGAN,198844.0
cropland_acres,2002,MCLEAN,104208.0
cropland_acres,2002,MUHLENBERG,84685.0
cropland_acres,2002,OHIO,94792.0
cropland_acres,2002,SIMPSON,102180.0
cropland_acres,2002,TODD,135287.0
cropland_acres,2002,UNION,176927.0
cropland_acres,2002,WEBSTER,123651.0
cropland_acres,2002,ADAIR,96436.0
cropland_acres,2002,ALLEN,95188.0
cropland_acres,2002,BARREN,166328.0
cropland_acres,2002,BRECKINRIDGE,149837.0
cropland_acres,2002,BULLITT,31026.0
cropland_acres,2002,BUTLER,80241.0
cropland_acres,2002,CASEY,88430.0
cropland_acres,2002,CLINTON,38815.0
cropland_acres,2002,CUMBERLAND,33917.0
cropland_acres,2002,EDMONSON,48124.0
cropland_acres,2002,GRAYSON,128965.0
cropland_acres,2002,GREEN,80870.0
cropland_acres,2002,HARDIN,151149.0
cropland_acres,2002,HART,105772.0
cropland_acres,2002,JEFFERSON,25131.0
cropland_acres,2002,LARUE,91835.0
cropland_acres,2002,MARION,98444.0
cropland_acres,2002,MEADE,82259.0
cropland_acres,2002,METCALFE,73070.0
cropland_acres,2002,MONROE,86768.0
cropland_acres,2002,NELSON,119721.0
cropland_acres,2002,RUSSELL,60917.0
cropland_acres,2002,TAYLOR,65415.0
cropland_acres,2002,WARREN,172199.0
cropland_acres,2002,BOONE,44176.0
cropland_acres,2002,BRACKEN,50250.0
cropland_acres,2002,CAMPBELL,28647.0
cropland_acres,2002,CARROLL,29027.0
cropland_acres,2002,GALLATIN,15773.0
cropland_acres,2002,GRANT,62463.0
cropland_acres,2002,HENRY,84944.0
cropland_acres,2002,KENTON,26577.0
cropland_acres,2002,OLDHAM,35204.0
cropland_acres,2002,OWEN,85158.0
cropland_acres,2002,PENDLETON,69306.0
cropland_acres,2002,TRIMBLE,27939.0
cropland_acres,2002,ANDERSON,46522.0
cropland_acres,2002,BATH,67380.0
cropland_acres,2002,BOURBON,126937.0
cropland_acres,2002,BOYLE,64771.0
cropland_acres,2002,CLARK,90068.0
cropland_acres,2002,FAYETTE,67108.0
cropland_acres,2002,FLEMING,110671.0
cropland_acres,2002,FRANKLIN,47748.0
cropland_acres,2002,GARRARD,73393.0
cropland_acres,2002,HARRISON,102821.0
cropland_acres,2002,JESSAMINE,52039.0
cropland_acres,2002,LINCOLN,104167.0
cropland_acres,2002,MADISON,130586.0
cropland_acres,2002,MASON,87026.0
cropland_acres,2002,MERCER,86260.0
cropland_acres,2002,MONTGOMERY,56354.0
cropland_acres,2002,NICHOLAS,68154.0
cropland_acres,2002,ROBERTSON,20300.0
cropland_acres,2002,SCOTT,84305.0
cropland_acres,2002,SHELBY,140509.0
cropland_acres,2002,SPENCER,46714.0
cropland_acres,2002,WASHINGTON,97735.0
cropland_acres,2002,WOODFORD,67471.0
cropland_acres,2002,BELL,3168.0
cropland_acres,2002,BOYD,13040.0
cropland_acres,2002,BREATHITT,7721.0
cropland_acres,2002,CARTER,45595.0
cropland_acres,2002,CLAY,15881.0
cropland_acres,2002,ELLIOTT,20969.0
cropland_acres,2002,ESTILL,28144.0
cropland_acres,2002,FLOYD,1842.0
cropland_acres,2002,GREENUP,37122.0
cropland_acres,2002,HARLAN,848.0
cropland_acres,2002,JACKSON,38420.0
cropland_acres,2002,JOHNSON,5446.0
cropland_acres,2002,KNOTT,1615.0
cropland_acres,2002,KNOX,18155.0
cropland_acres,2002,LAUREL,63238.0
cropland_acres,2002,LAWRENCE,15693.0
cropland_acres,2002,LEE,8841.0
cropland_acres,2002,LESLIE,200.0
cropland_acres,2002,LETCHER,631.0
cropland_acres,2002,LEWIS,48728.0
cropland_acres,2002,MCCREARY,6520.0
cropland_acres,2002,MAGOFFIN,14247.0
cropland_acres,2002,MARTIN,547.0
cropland_acres,2002,MENIFEE,14130.0
cropland_acres,2002,MORGAN,38375.0
cropland_acres,2002,OWSLEY,8680.0
cropland_acres,2002,PERRY,3143.0
cropland_acres,2002,PIKE,1870.0
cropland_acres,2002,POWELL,16393.0
cropland_acres,2002,PULASKI,135653.0
cropland_acres,2002,ROCKCASTLE,41629.0
cropland_acres,2002,ROWAN,24588.0
cropland_acres,2002,WAYNE,58988.0
cropland_acres,2002,WHITLEY,30738.0
cropland_acres,2002,WOLFE,18307.0
cropland_acres,2007,BALLARD,84969.0
cropland_acres,2007,CALLOWAY,113437.0
cropland_acres,2007,CARLISLE,73914.0
cropland_acres,2007,FULTON,81507.0
cropland_acres,2007,GRAVES,201653.0
cropland_acres,2007,HICKMAN,107072.0
cropland_acres,2007,LIVINGSTON,61253.0
cropland_acres,2007,LYON,29365.0
cropland_acres,2007,MCCRACKEN,58242.0
cropland_acres,2007,MARSHALL,55979.0
cropland_acres,2007,TRIGG,74014.0
cropland_acres,2007,CALDWELL,86512.0
cropland_acres,2007,CHRISTIAN,239355.0
cropland_acres,2007,CRITTENDEN,84407.0
cropland_acres,2007,DAVIESS,208973.0
cropland_acres,2007,HANCOCK,30484.0
cropland_acres,2007,HENDERSON,166381.0
cropland_acres,2007,HOPKINS,101796.0
cropland_acres,2007,LOGAN,198382.0
cropland_acres,2007,MCLEAN,117621.0
cropland_acres,2007,MUHLENBERG,74483.0
cropland_acres,2007,OHIO,84808.0
cropland_acres,2007,SIMPSON,89097.0
cropland_acres,2007,TODD,136214.0
cropland_acres,2007,UNION,166923.0
cropland_acres,2007,WEBSTER,107532.0
cropland_acres,2007,ADAIR,85073.0
cropland_acres,2007,ALLEN,69207.0
cropland_acres,2007,BARREN,151246.0
cropland_acres,2007,BRECKINRIDGE,124947.0
cropland_acres,2007,BULLITT,24764.0
cropland_acres,2007,BUTLER,73581.0
cropland_acres,2007,CASEY,77866.0
cropland_acres,2007,CLINTON,33741.0
cropland_acres,2007,CUMBERLAND,32640.0
cropland_acres,2007,EDMONSON,45107.0
cropland_acres,2007,GRAYSON,103546.0
cropland_acres,2007,GREEN,66938.0
cropland_acres,2007,HARDIN,121817.0
cropland_acres,2007,HART,82651.0
cropland_acres,2007,JEFFERSON,15430.0
cropland_acres,2007,LARUE,71976.0
cropland_acres,2007,MARION,78753.0
cropland_acres,2007,MEADE,65155.0
cropland_acres,2007,METCALFE,69253.0
cropland_acres,2007,MONROE,73202.0
cropland_acres,2007,NELSON,104777.0
cropland_acres,2007,RUSSELL,46183.0
cropland_acres,2007,TAYLOR,59612.0
cropland_acres,2007,WARREN,147878.0
cropland_acres,2007,BOONE,35823.0
cropland_acres,2007,BRACKEN,43080.0
cropland_acres,2007,CAMPBELL,20158.0
cropland_acres,2007,CARROLL,25723.0
cropland_acres,2007,GALLATIN,15556.0
cropland_acres,2007,GRANT,52590.0
cropland_acres,2007,HENRY,72729.0
cropland_acres,2007,KENTON,21484.0
cropland_acres,2007,OLDHAM,29014.0
cropland_acres,2007,OWEN,69253.0
cropland_acres,2007,PENDLETON,54998.0
cropland_acres,2007,TRIMBLE,25875.0
cropland_acres,2007,ANDERSON,43657.0
cropland_acres,2007,BATH,54108.0
cropland_acres,2007,BOURBON,86523.0
cropland_acres,2007,BOYLE,46532.0
cropland_acres,2007,CLARK,68958.0
cropland_acres,2007,FAYETTE,61715.0
cropland_acres,2007,FLEMING,79539.0
cropland_acres,2007,FRANKLIN,34904.0
cropland_acres,2007,GARRARD,59001.0
cropland_acres,2007,HARRISON,74695.0
cropland_acres,2007,JESSAMINE,37716.0
cropland_acres,2007,LINCOLN,83939.0
cropland_acres,2007,MADISON,108596.0
cropland_acres,2007,MASON,78456.0
cropland_acres,2007,MERCER,74903.0
cropland_acres,2007,MONTGOMERY,53895.0
cropland_acres,2007,NICHOLAS,55462.0
cropland_acres,2007,ROBERTSON,21707.0
cropland_acres,2007,SCOTT,62549.0
cropland_acres,2007,SHELBY,124208.0
cropland_acres,2007,SPENCER,36145.0
cropland_acres,2007,WASHINGTON,80643.0
cropland_acres,2007,WOODFORD,50745.0
cropland_acres,2007,BELL,4085.0
cropland_acres,2007,BOYD,7226.0
cropland_acres,2007,BREATHITT,9394.0
cropland_acres,2007,CARTER,38997.0
cropland_acres,2007,CLAY,14966.0
cropland_acres,2007,ELLIOTT,19273.0
cropland_acres,2007,ESTILL,22546.0
cropland_acres,2007,FLOYD,2002.0
cropland_acres,2007,GREENUP,29485.0
cropland_acres,2007,HARLAN,690.0
cropland_acres,2007,JACKSON,33706.0
cropland_acres,2007,JOHNSON,6773.0
cropland_acres,2007,KNOTT,2704.0
cropland_acres,2007,KNOX,17872.0
cropland_acres,2007,LAUREL,43205.0
cropland_acres,2007,LAWRENCE,15243.0
cropland_acres,2007,LEE,9246.0
cropland_acres,2007,LESLIE,154.0
cropland_acres,2007,LETCHER,757.0
cropland_acres,2007,LEWIS,41140.0
cropland_acres,2007,MCCREARY,5082.0
cropland_acres,2007,MAGOFFIN,13885.0
cropland_acres,2007,MARTIN,1073.0
cropland_acres,2007,MENIFEE,15083.0
cropland_acres,2007,MORGAN,41255.0
cropland_acres,2007,OWSLEY,9889.0
cropland_acres,2007,PERRY,2394.0
cropland_acres,2007,PIKE,3025.0
cropland_acres,2007,POWELL,13522.0
cropland_acres,2007,PULASKI,104999.0
cropland_acres,2007,ROCKCASTLE,32456.0
cropland_acres,2007,ROWAN,19458.0
cropland_acres,2007,WAYNE,48546.0
cropland_acres,2007,WHITLEY,27758.0
cropland_acres,2007,WOLFE,15614.0
cropland_acres,2012,BALLARD,85220.0
cropland_acres,2012,CALLOWAY,131921.0
cropland_acres,2012,CARLISLE,79596.0
cropland_acres,2012,FULTON,74334.0
cropland_acres,2012,GRAVES,221852.0
cropland_acres,2012,HICKMAN,119650.0
cropland_acres,2012,LIVINGSTON,62457.0
cropland_acres,2012,LYON,23614.0
cropland_acres,2012,MCCRACKEN,49731.0
cropland_acres,2012,MARSHALL,54795.0
cropland_acres,2012,TRIGG,71774.0
cropland_acres,2012,CALDWELL,85467.0
cropland_acres,2012,CHRISTIAN,252280.0
cropland_acres,2012,CRITTENDEN,83004.0
cropland_acres,2012,DAVIESS,190211.0
cropland_acres,2012,HANCOCK,23396.0
cropland_acres,2012,HENDERSON,150008.0
cropland_acres,2012,HOPKINS,94245.0
cropland_acres,2012,LOGAN,192361.0
cropland_acres,2012,MCLEAN,96487.0
cropland_acres,2012,MUHLENBERG,67127.0
cropland_acres,2012,OHIO,78814.0
cropland_acres,2012,SIMPSON,78545.0
cropland_acres,2012,TODD,126649.0
cropland_acres,2012,UNION,167932.0
cropland_acres,2012,WEBSTER,107882.0
cropland_acres,2012,ADAIR,66574.0
cropland_acres,2012,ALLEN,52263.0
cropland_acres,2012,BARREN,130004.0
cropland_acres,2012,BRECKINRIDGE,116614.0
cropland_acres,2012,BULLITT,20200.0
cropland_acres,2012,BUTLER,62776.0
cropland_acres,2012,CASEY,60559.0
cropland_acres,2012,CLINTON,25989.0
cropland_acres,2012,CUMBERLAND,17657.0
cropland_acres,2012,EDMONSON,34892.0
cropland_acres,2012,GRAYSON,87091.0
cropland_acres,2012,GREEN,67443.0
cropland_acres,2012,HARDIN,114429.0
cropland_acres,2012,HART,76126.0
cropland_acres,2012,JEFFERSON,10955.0
cropland_acres,2012,LARUE,66947.0
cropland_acres,2012,MARION,70227.0
cropland_acres,2012,MEADE,63718.0
cropland_acres,2012,METCALFE,49686.0
cropland_acres,2012,MONROE,61978.0
cropland_acres,2012,NELSON,97168.0
cropland_acres,2012,RUSSELL,34915.0
cropland_acres,2012,TAYLOR,59479.0
cropland_acres,2012,WARREN,146183.0
cropland_acres,2012,BOONE,28317.0
cropland_acres,2012,BRACKEN,28999.0
cropland_acres,2012,CAMPBELL,14974.0
cropland_acres,2012,CARROLL,21674.0
cropland_acres,2012,GALLATIN,10794.0
cropland_acres,2012,GRANT,32984.0
cropland_acres,2012,HENRY,58161.0
cropland_acres,2012,KENTON,15144.0
cropland_acres,2012,OLDHAM,24266.0
cropland_acres,2012,OWEN,45754.0
cropland_acres,2012,PENDLETON,31723.0
cropland_acres,2012,TRIMBLE,19025.0
cropland_acres,2012,ANDERSON,29432.0
cropland_acres,2012,BATH,47863.0
cropland_acres,2012,BOURBON,74806.0
cropland_acres,2012,BOYLE,41867.0
cropland_acres,2012,CLARK,50458.0
cropland_acres,2012,FAYETTE,40354.0
cropland_acres,2012,FLEMING,73112.0
cropland_acres,2012,FRANKLIN,30063.0
cropland_acres,2012,GARRARD,43690.0
cropland_acres,2012,HARRISON,64247.0
cropland_acres,2012,JESSAMINE,33566.0
cropland_acres,2012,LINCOLN,72576.0
cropland_acres,2012,MADISON,72977.0
cropland_acres,2012,MASON,57923.0
cropland_acres,2012,MERCER,59424.0
cropland_acres,2012,MONTGOMERY,40011.0
cropland_acres,2012,NICHOLAS,40923.0
cropland_acres,2012,ROBERTSON,12718.0
cropland_acres,2012,SCOTT,48052.0
cropland_acres,2012,SHELBY,111258.0
cropland_acres,2012,SPENCER,31157.0
cropland_acres,2012,WASHINGTON,55949.0
cropland_acres,2012,WOODFORD,34655.0
cropland_acres,2012,BELL,1753.0
cropland_acres,2012,BOYD,4834.0
cropland_acres,2012,BREATHITT,4843.0
cropland_acres,2012,CARTER,22629.0
cropland_acres,2012,CLAY,9933.0
cropland_acres,2012,ELLIOTT,13510.0
cropland_acres,2012,ESTILL,14051.0
cropland_acres,2012,FLOYD,1168.0
cropland_acres,2012,GREENUP,17513.0
cropland_acres,2012,HARLAN,276.0
cropland_acres,2012,JACKSON,23043.0
cropland_acres,2012,JOHNSON,4941.0
cropland_acres,2012,KNOTT,1776.0
cropland_acres,2012,KNOX,9583.0
cropland_acres,2012,LAUREL,35031.0
cropland_acres,2012,LAWRENCE,6458.0
cropland_acres,2012,LEE,5435.0
cropland_acres,2012,LESLIE,205.0
cropland_acres,2012,LETCHER,433.0
cropland_acres,2012,LEWIS,32816.0
cropland_acres,2012,MCCREARY,3304.0
cropland_acres,2012,MAGOFFIN,7888.0
cropland_acres,2012,MARTIN,312.0
cropland_acres,2012,MENIFEE,9975.0
cropland_acres,2012,MORGAN,24027.0
cropland_acres,2012,OWSLEY,6857.0
cropland_acres,2012,PERRY,899.0
cropland_acres,2012,PIKE,2096.0
cropland_acres,2012,POWELL,7479.0
cropland_acres,2012,PULASKI,90071.0
cropland_acres,2012,ROCKCASTLE,30272.0
cropland_acres,2012,ROWAN,15037.0
cropland_acres,2012,WAYNE,40821.0
cropland_acres,2012,WHITLEY,16857.0
cropland_acres,2012,WOLFE,8000.0
cropland_acres,2017,BALLARD,75295.0
cropland_acres,2017,CALLOWAY,102529.0
cropland_acres,2017,CARLISLE,73119.0
cropland_acres,2017,FULTON,86622.0
cropland_acres,2017,GRAVES,194771.0
cropland_acres,2017,HICKMAN,103868.0
cropland_acres,2017,LIVINGSTON,61645.0
cropland_acres,2017,LYON,17625.0
cropland_acres,2017,MCCRACKEN,50591.0
cropland_acres,2017,MARSHALL,52889.0
cropland_acres,2017,TRIGG,75939.0
cropland_acres,2017,CALDWELL,86529.0
cropland_acres,2017,CHRISTIAN,245761.0
cropland_acres,2017,CRITTENDEN,79223.0
cropland_acres,2017,DAVIESS,190812.0
cropland_acres,2017,HANCOCK,21398.0
cropland_acres,2017,HENDERSON,156797.0
cropland_acres,2017,HOPKINS,91022.0
cropland_acres,2017,LOGAN,195196.0
cropland_acres,2017,MCLEAN,108090.0
cropland_acres,2017,MUHLENBERG,69285.0
cropland_acres,2017,OHIO,86351.0
cropland_acres,2017,SIMPSON,88257.0
cropland_acres,2017,TODD,127476.0
cropland_acres,2017,UNION,172754.0
cropland_acres,2017,WEBSTER,122953.0
cropland_acres,2017,ADAIR,76836.0
cropland_acres,2017,ALLEN,74231.0
cropland_acres,2017,BARREN,141417.0
cropland_acres,2017,BRECKINRIDGE,126792.0
cropland_acres,2017,BULLITT,19329.0
cropland_acres,2017,BUTLER,75630.0
cropland_acres,2017,CASEY,65377.0
cropland_acres,2017,CLINTON,23805.0
cropland_acres,2017,CUMBERLAND,22566.0
cropland_acres,2017,EDMONSON,38095.0
cropland_acres,2017,GRAYSON,95299.0
cropland_acres,2017,GREEN,76140.0
cropland_acres,2017,HARDIN,109575.0
cropland_acres,2017,HART,73759.0
cropland_acres,2017,JEFFERSON,7572.0
cropland_acres,2017,LARUE,67671.0
cropland_acres,2017,MARION,85208.0
cropland_acres,2017,MEADE,80352.0
cropland_acres,2017,METCALFE,58573.0
cropland_acres,2017,MONROE,61118.0
cropland_acres,2017,NELSON,114006.0
cropland_acres,2017,RUSSELL,42215.0
cropland_acres,2017,TAYLOR,61098.0
cropland_acres,2017,WARREN,156648.0
cropland_acres,2017,BOONE,36559.0
cropland_acres,2017,BRACKEN,32444.0
cropland_acres,2017,CAMPBELL,15878.0
cropland_acres,2017,CARROLL,17857.0
cropland_acres,2017,GALLATIN,14213.0
cropland_acres,2017,GRANT,35465.0
cropland_acres,2017,HENRY,65247.0
cropland_acres,2017,KENTON,15921.0
cropland_acres,2017,OLDHAM,21330.0
cropland_acres,2017,OWEN,61679.0
cropland_acres,2017,PENDLETON,38222.0
cropland_acres,2017,TRIMBLE,30365.0
cropland_acres,2017,ANDERSON,29055.0
cropland_acres,2017,BATH,46737.0
cropland_acres,2017,BOURBON,74887.0
cropland_acres,2017,BOYLE,36759.0
cropland_acres,2017,CLARK,66359.0
cropland_acres,2017,FAYETTE,33687.0
cropland_acres,2017,FLEMING,77301.0
cropland_acres,2017,FRANKLIN,29350.0
cropland_acres,2017,GARRARD,56763.0
cropland_acres,2017,HARRISON,71208.0
cropland_acres,2017,JESSAMINE,32354.0
cropland_acres,2017,LINCOLN,68970.0
cropland_acres,2017,MADISON,74790.0
cropland_acres,2017,MASON,68700.0
cropland_acres,2017,MERCER,59668.0
cropland_acres,2017,MONTGOMERY,41024.0
cropland_acres,2017,NICHOLAS,39376.0
cropland_acres,2017,ROBERTSON,14510.0
cropland_acres,2017,SCOTT,56109.0
cropland_acres,2017,SHELBY,124417.0
cropland_acres,2017,SPENCER,34840.0
cropland_acres,2017,WASHINGTON,67509.0
cropland_acres,2017,WOODFORD,41963.0
cropland_acres,2017,BELL,3409.0
cropland_acres,2017,BOYD,3528.0
cropland_acres,2017,BREATHITT,3590.0
cropland_acres,2017,CARTER,23391.0
cropland_acres,2017,CLAY,8283.0
cropland_acres,2017,ELLIOTT,15122.0
cropland_acres,2017,ESTILL,14247.0
cropland_acres,2017,FLOYD,2053.0
cropland_acres,2017,GREENUP,18966.0
cropland_acres,2017,HARLAN,465.0
cropland_acres,2017,JACKSON,26110.0
cropland_acres,2017,JOHNSON,3802.0
cropland_acres,2017,KNOTT,568.0
cropland_acres,2017,KNOX,11986.0
cropland_acres,2017,LAUREL,35086.0
cropland_acres,2017,LAWRENCE,7943.0
cropland_acres,2017,LEE,8531.0
cropland_acres,2017,LESLIE,218.0
cropland_acres,2017,LETCHER,418.0
cropland_acres,2017,LEWIS,41746.0
cropland_acres,2017,MCCREARY,3782.0
cropland_acres,2017,MAGOFFIN,7072.0
cropland_acres,2017,MARTIN,2308.0
cropland_acres,2017,MENIFEE,8188.0
cropland_acres,2017,MORGAN,23194.0
cropland_acres,2017,OWSLEY,10276.0
cropland_acres,2017,PERRY,5587.0
cropland_acres,2017,PIKE,3353.0
cropland_acres,2017,POWELL,9577.0
cropland_acres,2017,PULASKI,100251.0
cropland_acres,2017,ROCKCASTLE,27756.0
cropland_acres,2017,ROWAN,13145.0
cropland_acres,2017,WAYNE,34528.0
cropland_acres,2017,WHITLEY,20172.0
cropland_acres,2017,WOLFE,10172.0
cropland_acres,2022,BALLARD,76698.0
cropland_acres,2022,CALLOWAY,106588.0
cropland_acres,2022,CARLISLE,95352.0
cropland_acres,2022,FULTON,83847.0
cropland_acres,2022,GRAVES,199265.0
cropland_acres,2022,HICKMAN,94224.0
cropland_acres,2022,LIVINGSTON,76444.0
cropland_acres,2022,LYON,20344.0
cropland_acres,2022,MCCRACKEN,39814.0
cropland_acres,2022,MARSHALL,51415.0
cropland_acres,2022,TRIGG,63286.0
cropland_acres,2022,CALDWELL,85233.0
cropland_acres,2022,CHRISTIAN,261610.0
cropland_acres,2022,CRITTENDEN,84196.0
cropland_acres,2022,DAVIESS,226806.0
cropland_acres,2022,HANCOCK,26630.0
cropland_acres,2022,HENDERSON,162388.0
cropland_acres,2022,HOPKINS,149451.0
cropland_acres,2022,LOGAN,194163.0
cropland_acres,2022,MCLEAN,95634.0
cropland_acres,2022,MUHLENBERG,72781.0
cropland_acres,2022,OHIO,75500.0
cropland_acres,2022,SIMPSON,94329.0
cropland_acres,2022,TODD,139477.0
cropland_acres,2022,UNION,190949.0
cropland_acres,2022,WEBSTER,142680.0
cropland_acres,2022,ADAIR,61390.0
cropland_acres,2022,ALLEN,51635.0
cropland_acres,2022,BARREN,125500.0
cropland_acres,2022,BRECKINRIDGE,110973.0
cropland_acres,2022,BULLITT,13686.0
cropland_acres,2022,BUTLER,78039.0
cropland_acres,2022,CASEY,65799.0
cropland_acres,2022,CLINTON,21087.0
cropland_acres,2022,CUMBERLAND,22343.0
cropland_acres,2022,EDMONSON,39792.0
cropland_acres,2022,GRAYSON,100930.0
cropland_acres,2022,GREEN,85007.0
cropland_acres,2022,HARDIN,98625.0
cropland_acres,2022,HART,72519.0
cropland_acres,2022,JEFFERSON,6542.0
cropland_acres,2022,LARUE,68716.0
cropland_acres,2022,MARION,89538.0
cropland_acres,2022,MEADE,69608.0
cropland_acres,2022,METCALFE,59474.0
cropland_acres,2022,MONROE,62262.0
cropland_acres,2022,NELSON,89973.0
cropland_acres,2022,RUSSELL,49606.0
cropland_acres,2022,TAYLOR,45998.0
cropland_acres,2022,WARREN,140803.0
cropland_acres,2022,BOONE,26443.0
cropland_acres,2022,BRACKEN,30766.0
cropland_acres,2022,CAMPBELL,13141.0
cropland_acres,2022,CARROLL,12004.0
cropland_acres,2022,GALLATIN,11514.0
cropland_acres,2022,GRANT,31316.0
cropland_acres,2022,HENRY,58195.0
cropland_acres,2022,KENTON,10542.0
cropland_acres,2022,OLDHAM,21114.0
cropland_acres,2022,OWEN,51756.0
cropland_acres,2022,PENDLETON,30695.0
cropland_acres,2022,TRIMBLE,19586.0
cropland_acres,2022,ANDERSON,19621.0
cropland_acres,2022,BATH,48515.0
cropland_acres,2022,BOURBON,69060.0
cropland_acres,2022,BOYLE,52898.0
cropland_acres,2022,CLARK,51330.0
cropland_acres,2022,FAYETTE,34319.0
cropland_acres,2022,FLEMING,66449.0
cropland_acres,2022,FRANKLIN,24744.0
cropland_acres,2022,GARRARD,43965.0
cropland_acres,2022,HARRISON,68065.0
cropland_acres,2022,JESSAMINE,30038.0
cropland_acres,2022,LINCOLN,67092.0
cropland_acres,2022,MADISON,56672.0
cropland_acres,2022,MASON,54185.0
cropland_acres,2022,MERCER,67482.0
cropland_acres,2022,MONTGOMERY,27560.0
cropland_acres,2022,NICHOLAS,34157.0
cropland_acres,2022,ROBERTSON,7383.0
cropland_acres,2022,SCOTT,47843.0
cropland_acres,2022,SHELBY,99543.0
cropland_acres,2022,SPENCER,28043.0
cropland_acres,2022,WASHINGTON,64237.0
cropland_acres,2022,WOODFORD,35700.0
cropland_acres,2022,BELL,1862.0
cropland_acres,2022,BOYD,6282.0
cropland_acres,2022,BREATHITT,5084.0
cropland_acres,2022,CARTER,21319.0
cropland_acres,2022,CLAY,7577.0
cropland_acres,2022,ELLIOTT,8390.0
cropland_acres,2022,ESTILL,12812.0
cropland_acres,2022,FLOYD,2339.0
cropland_acres,2022,GREENUP,17965.0
cropland_acres,2022,HARLAN,496.0
cropland_acres,2022,JACKSON,22914.0
cropland_acres,2022,JOHNSON,4219.0
cropland_acres,2022,KNOTT,1238.0
cropland_acres,2022,KNOX,8800.0
cropland_acres,2022,LAUREL,31814.0
cropland_acres,2022,LAWRENCE,7048.0
cropland_acres,2022,LEE,5508.0
cropland_acres,2022,LESLIE,2650.0
cropland_acres,2022,LETCHER,661.0
cropland_acres,2022,LEWIS,31105.0
cropland_acres,2022,MCCREARY,3379.0
cropland_acres,2022,MAGOFFIN,9591.0
cropland_acres,2022,MARTIN,1796.0
cropland_acres,2022,MENIFEE,8505.0
cropland_acres,2022,MORGAN,25143.0
cropland_acres,2022,OWSLEY,5689.0
cropland_acres,2022,PERRY,2266.0
cropland_acres,2022,PIKE,7644.0
cropland_acres,2022,POWELL,12029.0
cropland_acres,2022,PULASKI,90550.0
cropland_acres,2022,ROCKCASTLE,27760.0
cropland_acres,2022,ROWAN,9856.0
cropland_acres,2022,WAYNE,38469.0
cropland_acres,2022,WHITLEY,16398.0
cropland_acres,2022,WOLFE,8533.0
rented_acres,2022,BALLARD,40393.0
rented_acres,2022,CALLOWAY,62957.0
rented_acres,2022,CARLISLE,67510.0
rented_acres,2022,FULTON,57978.0
rented_acres,2022,GRAVES,116543.0
rented_acres,2022,HICKMAN,41238.0
rented_acres,2022,LIVINGSTON,67287.0
rented_acres,2022,LYON,10676.0
rented_acres,2022,MCCRACKEN,35880.0
rented_acres,2022,MARSHALL,28225.0
rented_acres,2022,TRIGG,39880.0
rented_acres,2022,CALDWELL,56721.0
rented_acres,2022,CHRISTIAN,158467.0
rented_acres,2022,CRITTENDEN,56893.0
rented_acres,2022,DAVIESS,153321.0
rented_acres,2022,HANCOCK,21898.0
rented_acres,2022,HENDERSON,105922.0
rented_acres,2022,HOPKINS,107284.0
rented_acres,2022,LOGAN,112582.0
rented_acres,2022,MCLEAN,45968.0
rented_acres,2022,MUHLENBERG,38480.0
rented_acres,2022,OHIO,36735.0
rented_acres,2022,SIMPSON,55360.0
rented_acres,2022,TODD,81339.0
rented_acres,2022,UNION,141255.0
rented_acres,2022,WEBSTER,93608.0
rented_acres,2022,ADAIR,33147.0
rented_acres,2022,ALLEN,33475.0
rented_acres,2022,BARREN,60607.0
rented_acres,2022,BRECKINRIDGE,49285.0
rented_acres,2022,BULLITT,5650.0
rented_acres,2022,BUTLER,44805.0
rented_acres,2022,CASEY,38944.0
rented_acres,2022,CLINTON,15809.0
rented_acres,2022,CUMBERLAND,18754.0
rented_acres,2022,EDMONSON,23003.0
rented_acres,2022,GRAYSON,50038.0
rented_acres,2022,GREEN,40297.0
rented_acres,2022,HARDIN,55920.0
rented_acres,2022,HART,32191.0
rented_acres,2022,JEFFERSON,2167.0
rented_acres,2022,LARUE,41463.0
rented_acres,2022,MARION,50172.0
rented_acres,2022,MEADE,45062.0
rented_acres,2022,METCALFE,28696.0
rented_acres,2022,MONROE,28589.0
rented_acres,2022,NELSON,47411.0
rented_acres,2022,RUSSELL,31559.0
rented_acres,2022,TAYLOR,22090.0
rented_acres,2022,WARREN,73905.0
rented_acres,2022,BOONE,12382.0
rented_acres,2022,BRACKEN,10595.0
rented_acres,2022,CAMPBELL,4799.0
rented_acres,2022,CARROLL,8369.0
rented_acres,2022,GALLATIN,9756.0
rented_acres,2022,GRANT,21149.0
rented_acres,2022,HENRY,32378.0
rented_acres,2022,KENTON,3362.0
rented_acres,2022,OLDHAM,9590.0
rented_acres,2022,OWEN,29243.0
rented_acres,2022,PENDLETON,12379.0
rented_acres,2022,TRIMBLE,8618.0
rented_acres,2022,ANDERSON,12869.0
rented_acres,2022,BATH,16079.0
rented_acres,2022,BOURBON,57903.0
rented_acres,2022,BOYLE,39864.0
rented_acres,2022,CLARK,40382.0
rented_acres,2022,FAYETTE,25959.0
rented_acres,2022,FLEMING,24148.0
rented_acres,2022,FRANKLIN,21664.0
rented_acres,2022,GARRARD,31090.0
rented_acres,2022,HARRISON,46404.0
rented_acres,2022,JESSAMINE,23315.0
rented_acres,2022,LINCOLN,39951.0
rented_acres,2022,MADISON,59064.0
rented_acres,2022,MASON,24988.0
rented_acres,2022,MERCER,56901.0
rented_acres,2022,MONTGOMERY,19043.0
rented_acres,2022,NICHOLAS,15727.0
rented_acres,2022,ROBERTSON,3195.0
rented_acres,2022,SCOTT,36073.0
rented_acres,2022,SHELBY,62167.0
rented_acres,2022,SPENCER,10173.0
rented_acres,2022,WASHINGTON,33570.0
rented_acres,2022,WOODFORD,24791.0
rented_acres,2022,BELL,1471.0
rented_acres,2022,BOYD,1524.0
rented_acres,2022,BREATHITT,2990.0
rented_acres,2022,CARTER,9244.0
rented_acres,2022,CLAY,9777.0
rented_acres,2022,ELLIOTT,7789.0
rented_acres,2022,ESTILL,7598.0
rented_acres,2022,FLOYD,403.0
rented_acres,2022,GREENUP,13218.0
rented_acres,2022,HARLAN,
rented_acres,2022,JACKSON,20606.0
rented_acres,2022,JOHNSON,3301.0
rented_acres,2022,KNOTT,4714.0
rented_acres,2022,KNOX,6298.0
rented_acres,2022,LAUREL,14841.0
rented_acres,2022,LAWRENCE,7418.0
rented_acres,2022,LEE,5832.0
rented_acres,2022,LESLIE,9653.0
rented_acres,2022,LETCHER,
rented_acres,2022,LEWIS,11874.0
rented_acres,2022,MCCREARY,2288.0
rented_acres,2022,MAGOFFIN,9795.0
rented_acres,2022,MARTIN,8536.0
rented_acres,2022,MENIFEE,2810.0
rented_acres,2022,MORGAN,9497.0
rented_acres,2022,OWSLEY,1804.0
rented_acres,2022,PERRY,250.0
rented_acres,2022,PIKE,7134.0
rented_acres,2022,POWELL,6522.0
rented_acres,2022,PULASKI,56547.0
rented_acres,2022,ROCKCASTLE,18198.0
rented_acres,2022,ROWAN,5163.0
rented_acres,2022,WAYNE,25495.0
rented_acres,2022,WHITLEY,14955.0
rented_acres,2022,WOLFE,3982.0
